{"type":"FeatureCollection","features":[{"type":"Feature","properties":{"a":"8526 Greenbush St","k":"8526 GREENBUSH","sec":"6","lot":"LT 3 BLK 18","acct":"0780240320003","m":true},"geometry":{"type":"Polygon","coordinates":[[[-95.425181,29.688301],[-95.42544,29.688459],[-95.42559,29.688265],[-95.425521,29.688234],[-95.425455,29.688199],[-95.42539,29.68816],[-95.425328,29.688117],[-95.425181,29.688301]]]}},{"type":"Feature","properties":{"a":"2811 Ashwood St","k":"2811 ASHWOOD","sec":"9","lot":"TR 10 BLK 30","acct":"0813050000010","m":true},"geometry":{"type":"Polygon","coordinates":[[[-95.421186,29.691624],[-95.421184,29.691915],[-95.421426,29.691913],[-95.421437,29.691619],[-95.421186,29.691624]]]}},{"type":"Feature","properties":{"a":"3030 Stanton St","k":"3030 STANTON","sec":"2","lot":"LT 16 BLK 25","acct":"0780240040016","m":true},"geometry":{"type":"Polygon","coordinates":[[[-95.424747,29.693453],[-95.424744,29.693125],[-95.424521,29.693126],[-95.424497,29.693129],[-95.424524,29.693477],[-95.424747,29.693453]]]}},{"type":"Feature","properties":{"a":"3419 Norris Dr","k":"3419 NORRIS","sec":"5","lot":"LT 5 BLK 12","acct":"0780240250005","m":true},"geometry":{"type":"Polygon","coordinates":[[[-95.428253,29.687183],[-95.428264,29.687462],[-95.428465,29.687458],[-95.428455,29.68718],[-95.428253,29.687183]]]}},{"type":"Feature","properties":{"a":"3415 Deal St","k":"3415 DEAL","sec":"5","lot":"LT 6 & TR 5A BLK 14","acct":"0780240270006","m":true},"geometry":{"type":"Polygon","coordinates":[[[-95.42806,29.688633],[-95.428065,29.68892],[-95.428278,29.688917],[-95.428264,29.68863],[-95.42806,29.688633]]]}},{"type":"Feature","properties":{"a":"8511 Bluegate St","k":"8511 BLUEGATE","sec":"10","lot":"TR 5 BLK 3","acct":"0823100000005","m":true},"geometry":{"type":"Polygon","coordinates":[[[-95.423229,29.687878],[-95.422955,29.687713],[-95.422831,29.687873],[-95.423106,29.688036],[-95.423184,29.687934],[-95.423229,29.687878]]]}},{"type":"Feature","properties":{"a":"3515 Gannett St","k":"3515 GANNETT","sec":"BT2","lot":"LT 4 BLK 34","acct":"0772040340004","m":true},"geometry":{"type":"Polygon","coordinates":[[[-95.429911,29.687876],[-95.429922,29.688154],[-95.430128,29.688149],[-95.430118,29.687871],[-95.429911,29.687876]]]}},{"type":"Feature","properties":{"a":"3710 Linkwood Dr","k":"3710 LINKWOOD","sec":null,"lot":"LT 27 BLK 7","acct":"0772010070027","m":true},"geometry":{"type":"Polygon","coordinates":[[[-95.435951,29.686814],[-95.435963,29.687194],[-95.436184,29.687133],[-95.436177,29.686808],[-95.435951,29.686814]]]}},{"type":"Feature","properties":{"a":"3015 Conway St","k":"3015 CONWAY","sec":"2","lot":"LT 5 BLK 25","acct":"0780240040005","m":true},"geometry":{"type":"Polygon","coordinates":[[[-95.423671,29.694007],[-95.423771,29.693967],[-95.423873,29.69393],[-95.42374,29.693654],[-95.423692,29.693671],[-95.423522,29.693731],[-95.423671,29.694007]]]}},{"type":"Feature","properties":{"a":"3418 Linkwood Dr","k":"3418 LINKWOOD","sec":"5","lot":"LT 14 BLK 12","acct":"0780240250014","m":true},"geometry":{"type":"Polygon","coordinates":[[[-95.428243,29.686895],[-95.428253,29.687183],[-95.428455,29.68718],[-95.428444,29.686892],[-95.428243,29.686895]]]}},{"type":"Feature","properties":{"a":"3419 Broadmead Dr","k":"3419 BROADMEAD","sec":"5","lot":"TRS 5 & 6A BLK 15","acct":"0780240280005","m":true},"geometry":{"type":"Polygon","coordinates":[[[-95.42844,29.689353],[-95.428272,29.689355],[-95.428225,29.689356],[-95.428233,29.689639],[-95.428446,29.689636],[-95.42844,29.689353]]]}},{"type":"Feature","properties":{"a":"3106 Broadmead Dr","k":"3106 BROADMEAD","sec":"7","lot":"LT 13 BLK 20","acct":"0780240410013","m":true},"geometry":{"type":"Polygon","coordinates":[[[-95.426195,29.690134],[-95.426192,29.68983],[-95.425971,29.689833],[-95.425975,29.690136],[-95.426111,29.690135],[-95.426195,29.690134]]]}},{"type":"Feature","properties":{"a":"8423 Lorrie Dr","k":"8423 LORRIE","sec":"9","lot":"TR 3A BLK 1","acct":"0813000000003","m":true},"geometry":{"type":"Polygon","coordinates":[[[-95.421317,29.688402],[-95.421264,29.688489],[-95.421524,29.688694],[-95.421676,29.688509],[-95.421373,29.68833],[-95.421317,29.688402]]]}},{"type":"Feature","properties":{"a":"8223 Lorrie Dr","k":"8223 LORRIE","sec":"9","lot":"LT 22 BLK 1","acct":"0813000000022","m":true},"geometry":{"type":"Polygon","coordinates":[[[-95.420116,29.691596],[-95.42012,29.691746],[-95.420121,29.691788],[-95.420474,29.691779],[-95.420467,29.691586],[-95.420116,29.691596]]]}},{"type":"Feature","properties":{"a":"3022 Conway St","k":"3022 CONWAY","sec":"2","lot":"LT 14 BLK 26","acct":"0780240050014","m":true},"geometry":{"type":"Polygon","coordinates":[[[-95.424018,29.69406],[-95.42416,29.694371],[-95.424283,29.694353],[-95.424364,29.694341],[-95.424263,29.693998],[-95.42414,29.694026],[-95.424018,29.69406]]]}},{"type":"Feature","properties":{"a":"2807 Fairhope St","k":"2807 FAIRHOPE","sec":"9","lot":"LT 13 BLK 6","acct":"0813030000013","m":true},"geometry":{"type":"Polygon","coordinates":[[[-95.420893,29.690149],[-95.420894,29.690432],[-95.421183,29.690424],[-95.421176,29.690143],[-95.421091,29.690146],[-95.420893,29.690149]]]}},{"type":"Feature","properties":{"a":"8407 Lorrie Dr","k":"8407 LORRIE","sec":"9","lot":"LT 1 BLK 2","acct":"0813010000001","m":true},"geometry":{"type":"Polygon","coordinates":[[[-95.420907,29.688875],[-95.420837,29.689176],[-95.421032,29.68929],[-95.421237,29.689043],[-95.421047,29.688927],[-95.421003,29.688904],[-95.420956,29.688886],[-95.420907,29.688875]]]}},{"type":"Feature","properties":{"a":"8007 Lorrie Dr","k":"8007 LORRIE","sec":"8","lot":"LT 2 & TR 1A BLK 35","acct":"0803780000002","m":true},"geometry":{"type":"Polygon","coordinates":[[[-95.420209,29.694608],[-95.420216,29.694842],[-95.420568,29.694841],[-95.420565,29.694607],[-95.420209,29.694608]]]}},{"type":"Feature","properties":{"a":"2814 Stanton St","k":"2814 STANTON","sec":"8","lot":"LT 11 BLK 33","acct":"0803760000011","m":true},"geometry":{"type":"Polygon","coordinates":[[[-95.421657,29.693596],[-95.421436,29.693598],[-95.421442,29.693908],[-95.421486,29.693907],[-95.421662,29.693906],[-95.421657,29.693596]]]}},{"type":"Feature","properties":{"a":"3010 Deal St","k":"3010 DEAL","sec":"6","lot":"TR 4 BLK 19","acct":"0780240330004","m":true},"geometry":{"type":"Polygon","coordinates":[[[-95.425054,29.688946],[-95.424902,29.689135],[-95.424837,29.689216],[-95.42498,29.68927],[-95.425114,29.689321],[-95.425255,29.689042],[-95.425191,29.689014],[-95.425054,29.688946]]]}},{"type":"Feature","properties":{"a":"8518 Hatton St","k":"8518 HATTON","sec":"6","lot":"LT 13 BLK 9","acct":"0780240310013","m":true},"geometry":{"type":"Polygon","coordinates":[[[-95.424193,29.68825],[-95.424464,29.688414],[-95.424588,29.688257],[-95.424319,29.688092],[-95.424193,29.68825]]]}},{"type":"Feature","properties":{"a":"3506 Gannett St","k":"3506 GANNETT","sec":"BT2","lot":"LT 9 BLK 33","acct":"0772040330009","m":true},"geometry":{"type":"Polygon","coordinates":[[[-95.429497,29.688335],[-95.429503,29.688615],[-95.42971,29.688613],[-95.429704,29.688332],[-95.429497,29.688335]]]}},{"type":"Feature","properties":{"a":"2814 Prescott St","k":"2814 PRESCOTT","sec":"8","lot":"LT 14 BLK 32","acct":"0803750000014","m":true},"geometry":{"type":"Polygon","coordinates":[[[-95.421468,29.692819],[-95.421467,29.693133],[-95.421719,29.693131],[-95.421719,29.692815],[-95.421468,29.692819]]]}},{"type":"Feature","properties":{"a":"0 Lorrie Dr","k":"0 LORRIE","sec":"9","lot":"LT 17 BLK 1","acct":"0813000000025","m":false},"geometry":{"type":"Polygon","coordinates":[[[-95.420093,29.690633],[-95.420095,29.690745],[-95.420097,29.690826],[-95.420441,29.690817],[-95.420435,29.690625],[-95.420093,29.690633]]]}},{"type":"Feature","properties":{"a":"3515 Broadmead Dr","k":"3515 BROADMEAD","sec":"BT2","lot":"LT 4 BLK 31","acct":"0772040310004","m":true},"geometry":{"type":"Polygon","coordinates":[[[-95.429932,29.689335],[-95.429939,29.689614],[-95.430146,29.689611],[-95.43014,29.689333],[-95.429932,29.689335]]]}},{"type":"Feature","properties":{"a":"8523 Bluegate St","k":"8523 BLUEGATE","sec":"10","lot":"LT 2 BLK 3","acct":"0823100000002","m":true},"geometry":{"type":"Polygon","coordinates":[[[-95.423211,29.687383],[-95.42351,29.687515],[-95.423594,29.687397],[-95.423616,29.687354],[-95.423634,29.687308],[-95.423647,29.687261],[-95.423645,29.687261],[-95.423364,29.687227],[-95.423211,29.687383]]]}},{"type":"Feature","properties":{"a":"3119 Deal St","k":"3119 DEAL","sec":"7","lot":"LT 10 BLK 18","acct":"0780240390010","m":true},"geometry":{"type":"Polygon","coordinates":[[[-95.426851,29.68894],[-95.426851,29.688648],[-95.42663,29.68865],[-95.426632,29.68894],[-95.426851,29.68894]]]}},{"type":"Feature","properties":{"a":"2815 Linkwood Dr","k":"2815 LINKWOOD","sec":"10","lot":"LT 7 BLK 5","acct":"0823110000007","m":true},"geometry":{"type":"Polygon","coordinates":[[[-95.42217,29.687162],[-95.42217,29.687177],[-95.422578,29.68738],[-95.42273,29.687187],[-95.422768,29.687144],[-95.422676,29.687069],[-95.422653,29.687071],[-95.422629,29.687069],[-95.422606,29.687064],[-95.422584,29.687056],[-95.42217,29.687162]]]}},{"type":"Feature","properties":{"a":"8806 Bevlyn Dr","k":"8806 BEVLYN","sec":"BT2","lot":"LT 13 BLK 32","acct":"0772040320013","m":true},"geometry":{"type":"Polygon","coordinates":[[[-95.430487,29.687674],[-95.430492,29.687875],[-95.430893,29.687869],[-95.43089,29.687668],[-95.430487,29.687674]]]}},{"type":"Feature","properties":{"a":"3006 Tilden St","k":"3006 TILDEN","sec":"1","lot":"LT 12 BLK 28","acct":"0780230280012","m":true},"geometry":{"type":"Polygon","coordinates":[[[-95.423575,29.695325],[-95.423242,29.695472],[-95.423283,29.695665],[-95.423435,29.695726],[-95.423718,29.695455],[-95.423666,29.695416],[-95.423619,29.695372],[-95.423575,29.695325]]]}},{"type":"Feature","properties":{"a":"8006 Serenity Ct","k":"8006 SERENITY","sec":null,"lot":"LT 2 BLK 1","acct":"1328420010002","m":true},"geometry":{"type":"Polygon","coordinates":[[[-95.422407,29.69534],[-95.422407,29.69533],[-95.422404,29.695145],[-95.422127,29.695147],[-95.422129,29.695343],[-95.422407,29.69534]]]}},{"type":"Feature","properties":{"a":"8430 Hatton St","k":"8430 HATTON","sec":"4","lot":"LT 14 BLK 8","acct":"0780240200014","m":true},"geometry":{"type":"Polygon","coordinates":[[[-95.423663,29.689418],[-95.423672,29.689408],[-95.423828,29.689212],[-95.423557,29.689044],[-95.423391,29.689253],[-95.423663,29.689418]]]}},{"type":"Feature","properties":{"a":"2802 Chiswell St","k":"2802 CHISWELL","sec":"9","lot":"LT 13 BLK 30","acct":"0813050000013","m":true},"geometry":{"type":"Polygon","coordinates":[[[-95.420921,29.691336],[-95.420641,29.691341],[-95.420647,29.69163],[-95.420918,29.691628],[-95.420921,29.691336]]]}},{"type":"Feature","properties":{"a":"2811 Linkwood Dr","k":"2811 LINKWOOD","sec":"10","lot":"LT 8 BLK 5","acct":"0823110000008","m":true},"geometry":{"type":"Polygon","coordinates":[[[-95.422173,29.687316],[-95.422128,29.687373],[-95.422434,29.68756],[-95.422578,29.68738],[-95.42217,29.687177],[-95.422173,29.687316]]]}},{"type":"Feature","properties":{"a":"3015 Winslow St","k":"3015 WINSLOW","sec":"1","lot":"LT 5 BLK 26","acct":"0780230260005","m":true},"geometry":{"type":"Polygon","coordinates":[[[-95.423779,29.69447],[-95.423718,29.69449],[-95.423564,29.694542],[-95.42368,29.694828],[-95.423787,29.694794],[-95.423892,29.694755],[-95.423779,29.69447]]]}},{"type":"Feature","properties":{"a":"2803 Linkwood Dr","k":"2803 LINKWOOD","sec":"10","lot":"LT 10 BLK 5","acct":"0823110000010","m":true},"geometry":{"type":"Polygon","coordinates":[[[-95.421816,29.687769],[-95.422117,29.687954],[-95.42228,29.687751],[-95.421976,29.687565],[-95.421816,29.687769]]]}},{"type":"Feature","properties":{"a":"3502 Norris Dr","k":"3502 NORRIS","sec":"BT2","lot":"LT 10 BLK 34","acct":"0772040340010","m":true},"geometry":{"type":"Polygon","coordinates":[[[-95.429288,29.687607],[-95.429298,29.687891],[-95.429503,29.687886],[-95.429495,29.687603],[-95.429288,29.687607]]]}},{"type":"Feature","properties":{"a":"3426 Deal St","k":"3426 DEAL","sec":"5","lot":"LT 16 BLK 15","acct":"0780240280016","m":true},"geometry":{"type":"Polygon","coordinates":[[[-95.428695,29.689075],[-95.428698,29.68935],[-95.428875,29.689348],[-95.428909,29.689347],[-95.428903,29.689072],[-95.428695,29.689075]]]}},{"type":"Feature","properties":{"a":"3503 Broadmead Dr","k":"3503 BROADMEAD","sec":"BT2","lot":"LT 1 BLK 31","acct":"0772040310001","m":true},"geometry":{"type":"Polygon","coordinates":[[[-95.429315,29.689342],[-95.429321,29.689623],[-95.429529,29.68962],[-95.429521,29.68934],[-95.429315,29.689342]]]}},{"type":"Feature","properties":{"a":"3423 Linkwood Dr","k":"3423 LINKWOOD","sec":"5","lot":"LT 4 BLK 11","acct":"0780240240004","m":true},"geometry":{"type":"Polygon","coordinates":[[[-95.428631,29.686426],[-95.4286,29.686426],[-95.428435,29.686429],[-95.428441,29.686728],[-95.428643,29.686724],[-95.428631,29.686426]]]}},{"type":"Feature","properties":{"a":"3403 Broadmead Dr","k":"3403 BROADMEAD","sec":"5","lot":"LT 9 & TR 8 BLK 15","acct":"0780240280008","m":true},"geometry":{"type":"Polygon","coordinates":[[[-95.427775,29.689362],[-95.427642,29.689363],[-95.427438,29.689366],[-95.427441,29.689651],[-95.427783,29.689646],[-95.427775,29.689362]]]}},{"type":"Feature","properties":{"a":"3519 Deal St","k":"3519 DEAL","sec":"BT2","lot":"LT 5 BLK 33","acct":"0772040330005","m":true},"geometry":{"type":"Polygon","coordinates":[[[-95.430123,29.688608],[-95.430128,29.688892],[-95.430337,29.688889],[-95.430331,29.688605],[-95.430123,29.688608]]]}},{"type":"Feature","properties":{"a":"3511 Gannett St","k":"3511 GANNETT","sec":"BT2","lot":"LT 3 BLK 34","acct":"0772040340003","m":true},"geometry":{"type":"Polygon","coordinates":[[[-95.429708,29.687881],[-95.429716,29.688159],[-95.429922,29.688154],[-95.429911,29.687876],[-95.429708,29.687881]]]}},{"type":"Feature","properties":{"a":"3015 S Braeswood Blvd","k":"3015 S BRAESWOOD","sec":"1","lot":"LT 5 BLK 28","acct":"0780230280005","m":true},"geometry":{"type":"Polygon","coordinates":[[[-95.423877,29.695904],[-95.423722,29.695842],[-95.423658,29.695816],[-95.423552,29.696253],[-95.423672,29.696283],[-95.423792,29.696309],[-95.423877,29.695904]]]}},{"type":"Feature","properties":{"a":"3434 Gannett St","k":"3434 GANNETT","sec":"5","lot":"LT 18 BLK 14","acct":"0780240270018","m":true},"geometry":{"type":"Polygon","coordinates":[[[-95.429087,29.688341],[-95.429094,29.68862],[-95.429298,29.688618],[-95.429292,29.688338],[-95.429087,29.688341]]]}},{"type":"Feature","properties":{"a":"3426 Norris Dr","k":"3426 NORRIS","sec":"5","lot":"TRS 16A & 17 BLK 13","acct":"0780240260017","m":true},"geometry":{"type":"Polygon","coordinates":[[[-95.428776,29.687616],[-95.428786,29.687899],[-95.428889,29.687897],[-95.428991,29.687896],[-95.428983,29.687612],[-95.428776,29.687616]]]}},{"type":"Feature","properties":{"a":"2806 Ashwood St","k":"2806 ASHWOOD","sec":"8","lot":"LT 10 BLK 31","acct":"0803740000010","m":true},"geometry":{"type":"Polygon","coordinates":[[[-95.42094,29.692081],[-95.420943,29.692376],[-95.421195,29.692374],[-95.421192,29.692079],[-95.42094,29.692081]]]}},{"type":"Feature","properties":{"a":"3506 Linkwood Dr","k":"3506 LINKWOOD","sec":"BT2","lot":"LT 9 BLK 35","acct":"0772040350009","m":true},"geometry":{"type":"Polygon","coordinates":[[[-95.429471,29.686876],[-95.42948,29.687162],[-95.429686,29.68716],[-95.429678,29.686872],[-95.429471,29.686876]]]}},{"type":"Feature","properties":{"a":"3402 Deal St","k":"3402 DEAL","sec":"5","lot":"TR 10 BLK 15","acct":"0780240280010","m":true},"geometry":{"type":"Polygon","coordinates":[[[-95.427639,29.68909],[-95.427434,29.689092],[-95.427438,29.689366],[-95.427642,29.689363],[-95.427639,29.68909]]]}},{"type":"Feature","properties":{"a":"3111 Deal St","k":"3111 DEAL","sec":"7","lot":"LT 8 BLK 18","acct":"0780240390008","m":true},"geometry":{"type":"Polygon","coordinates":[[[-95.426409,29.688653],[-95.426346,29.688653],[-95.426189,29.688655],[-95.426191,29.688942],[-95.426411,29.688941],[-95.426409,29.688653]]]}},{"type":"Feature","properties":{"a":"3107 Fairhope St","k":"3107 FAIRHOPE","sec":null,"lot":"LT 11 BLK 27","acct":"0772030270011","m":true},"geometry":{"type":"Polygon","coordinates":[[[-95.424924,29.690973],[-95.424927,29.691307],[-95.425126,29.691305],[-95.425123,29.690971],[-95.424924,29.690973]]]}},{"type":"Feature","properties":{"a":"3511 Broadmead Dr","k":"3511 BROADMEAD","sec":"BT2","lot":"LT 3 BLK 31","acct":"0772040310003","m":true},"geometry":{"type":"Polygon","coordinates":[[[-95.429727,29.689337],[-95.429732,29.689617],[-95.429939,29.689614],[-95.429932,29.689335],[-95.429727,29.689337]]]}},{"type":"Feature","properties":{"a":"8315 Greenbush St","k":"8315 GREENBUSH","sec":"3","lot":"LT 1 BLK 29","acct":"0780240160001","m":true},"geometry":{"type":"Polygon","coordinates":[[[-95.422891,29.690923],[-95.422529,29.690859],[-95.422468,29.691078],[-95.422523,29.691076],[-95.422593,29.691081],[-95.422661,29.691091],[-95.422729,29.691107],[-95.422795,29.69113],[-95.42284,29.691025],[-95.422891,29.690923]]]}},{"type":"Feature","properties":{"a":"8431 Hatton St","k":"8431 HATTON","sec":"4","lot":"LT 1 BLK 6","acct":"0780240180001","m":true},"geometry":{"type":"Polygon","coordinates":[[[-95.423233,29.689155],[-95.423394,29.688946],[-95.423127,29.688784],[-95.422979,29.688977],[-95.422964,29.688997],[-95.423233,29.689155]]]}},{"type":"Feature","properties":{"a":"3119 Broadmead Dr","k":"3119 BROADMEAD","sec":"7","lot":"LT 16 BLK 19","acct":"0780240400016","m":true},"geometry":{"type":"Polygon","coordinates":[[[-95.426633,29.689378],[-95.426633,29.689658],[-95.426854,29.689655],[-95.426854,29.689376],[-95.426633,29.689378]]]}},{"type":"Feature","properties":{"a":"3023 S Braeswood Blvd","k":"3023 S BRAESWOOD","sec":"1","lot":"LT 3 BLK 28","acct":"0780230280003","m":true},"geometry":{"type":"Polygon","coordinates":[[[-95.424096,29.695921],[-95.424041,29.696354],[-95.424165,29.696369],[-95.42429,29.696379],[-95.424318,29.695937],[-95.424096,29.695921]]]}},{"type":"Feature","properties":{"a":"2907 Chiswell St","k":"2907 CHISWELL","sec":"3","lot":"LT 3 BLK 29","acct":"0780240160003","m":true},"geometry":{"type":"Polygon","coordinates":[[[-95.422159,29.690854],[-95.421956,29.690859],[-95.421961,29.691151],[-95.422045,29.691145],[-95.422129,29.691136],[-95.422212,29.691124],[-95.422215,29.690855],[-95.422159,29.690854]]]}},{"type":"Feature","properties":{"a":"2907 Prescott St","k":"2907 PRESCOTT","sec":"2","lot":"LT 3 BLK 31","acct":"0780240070003","m":true},"geometry":{"type":"Polygon","coordinates":[[[-95.421944,29.692369],[-95.421948,29.69265],[-95.422177,29.692648],[-95.422174,29.692368],[-95.421944,29.692369]]]}},{"type":"Feature","properties":{"a":"3418 Broadmead Dr","k":"3418 BROADMEAD","sec":"5","lot":"LT 5 & TR 4A BLK 16","acct":"0780240290004","m":true},"geometry":{"type":"Polygon","coordinates":[[[-95.428281,29.689802],[-95.428283,29.690114],[-95.428516,29.690112],[-95.428514,29.689798],[-95.428281,29.689802]]]}},{"type":"Feature","properties":{"a":"8111 Greenbush St","k":"8111 GREENBUSH","sec":"2","lot":"TR 1 BLK 36","acct":"0780240100001","m":true},"geometry":{"type":"Polygon","coordinates":[[[-95.4227,29.693587],[-95.422392,29.693589],[-95.422393,29.693793],[-95.422703,29.69379],[-95.4227,29.693587]]]}},{"type":"Feature","properties":{"a":"3407 Deal St","k":"3407 DEAL","sec":"5","lot":"TRS 8 & 9A BLK 14","acct":"0780240270008","m":true},"geometry":{"type":"Polygon","coordinates":[[[-95.427834,29.688636],[-95.427648,29.688638],[-95.427626,29.688638],[-95.42763,29.688926],[-95.427841,29.688923],[-95.427834,29.688636]]]}},{"type":"Feature","properties":{"a":"3002 Stanton St","k":"3002 STANTON","sec":"2","lot":"LT 9 BLK 25","acct":"0780240040009","m":true},"geometry":{"type":"Polygon","coordinates":[[[-95.423119,29.693544],[-95.423042,29.693559],[-95.422964,29.693571],[-95.422886,29.693578],[-95.422891,29.693875],[-95.423131,29.69387],[-95.423203,29.693844],[-95.423119,29.693544]]]}},{"type":"Feature","properties":{"a":"8522 Greenbush St","k":"8522 GREENBUSH","sec":"6","lot":"LT 2 BLK 18","acct":"0780240320002","m":true},"geometry":{"type":"Polygon","coordinates":[[[-95.425315,29.688622],[-95.42538,29.688537],[-95.42544,29.688459],[-95.425181,29.688301],[-95.425055,29.688459],[-95.425315,29.688622]]]}},{"type":"Feature","properties":{"a":"8422 Lorrie Dr","k":"8422 LORRIE","sec":"9","lot":"LT 13 BLK 4","acct":"0813020000013","m":true},"geometry":{"type":"Polygon","coordinates":[[[-95.422155,29.688719],[-95.421879,29.688551],[-95.421736,29.688723],[-95.422016,29.688896],[-95.422026,29.688883],[-95.422155,29.688719]]]}},{"type":"Feature","properties":{"a":"2815 Stanton St","k":"2815 STANTON","sec":"8","lot":"LT 7 BLK 32","acct":"0803750000007","m":true},"geometry":{"type":"Polygon","coordinates":[[[-95.421467,29.693133],[-95.421467,29.693434],[-95.42172,29.693432],[-95.421719,29.693131],[-95.421467,29.693133]]]}},{"type":"Feature","properties":{"a":"8702 Bevlyn Dr","k":"8702 BEVLYN","sec":"BT2","lot":"LT 8 BLK 32","acct":"0772040320008","m":true},"geometry":{"type":"Polygon","coordinates":[[[-95.43091,29.688873],[-95.430908,29.688742],[-95.430907,29.688672],[-95.430514,29.688678],[-95.430519,29.688879],[-95.43091,29.688873]]]}},{"type":"Feature","properties":{"a":"3503 Norris Dr","k":"3503 NORRIS","sec":"BT2","lot":"LT 1 BLK 35","acct":"0772040350001","m":true},"geometry":{"type":"Polygon","coordinates":[[[-95.429276,29.687165],[-95.429285,29.687443],[-95.429489,29.687439],[-95.42948,29.687162],[-95.429276,29.687165]]]}},{"type":"Feature","properties":{"a":"3431 Norris Dr","k":"3431 NORRIS","sec":"5","lot":"LT 2 BLK 12","acct":"0780240250002","m":true},"geometry":{"type":"Polygon","coordinates":[[[-95.428864,29.687172],[-95.428874,29.68745],[-95.429078,29.687446],[-95.429068,29.687168],[-95.428864,29.687172]]]}},{"type":"Feature","properties":{"a":"2802 Ashwood St","k":"2802 ASHWOOD","sec":"8","lot":"LT 9 BLK 31","acct":"0803740000009","m":true},"geometry":{"type":"Polygon","coordinates":[[[-95.420656,29.692083],[-95.420662,29.692377],[-95.420943,29.692376],[-95.42094,29.692081],[-95.420656,29.692083]]]}},{"type":"Feature","properties":{"a":"3018 Broadmead Dr","k":"3018 BROADMEAD","sec":"6","lot":"LT 9 BLK 20","acct":"0780240340009","m":true},"geometry":{"type":"Polygon","coordinates":[[[-95.425313,29.690144],[-95.425308,29.689843],[-95.425235,29.689841],[-95.425162,29.689837],[-95.425089,29.689828],[-95.425029,29.690147],[-95.425104,29.690146],[-95.425313,29.690144]]]}},{"type":"Feature","properties":{"a":"8127 Lorrie Dr","k":"8127 LORRIE","sec":"8","lot":"LT 11 BLK 35","acct":"0803780000011","m":true},"geometry":{"type":"Polygon","coordinates":[[[-95.420149,29.692819],[-95.420154,29.692981],[-95.420155,29.693011],[-95.420509,29.693012],[-95.420503,29.692819],[-95.420149,29.692819]]]}},{"type":"Feature","properties":{"a":"8422 Hatton St","k":"8422 HATTON","sec":"4","lot":"LT 12 BLK 8","acct":"0780240200012","m":true},"geometry":{"type":"Polygon","coordinates":[[[-95.423394,29.689757],[-95.423407,29.689741],[-95.42354,29.689573],[-95.423265,29.689411],[-95.423122,29.689592],[-95.423394,29.689757]]]}},{"type":"Feature","properties":{"a":"7915 Greenbush St","k":"7915 GREENBUSH","sec":"1","lot":"LT 8 & TR 9A BLK 36","acct":"0780230360008","m":true},"geometry":{"type":"Polygon","coordinates":[[[-95.422402,29.694937],[-95.422402,29.694947],[-95.422404,29.695124],[-95.422732,29.695121],[-95.42273,29.694935],[-95.422402,29.694937]]]}},{"type":"Feature","properties":{"a":"2803 Stanton St","k":"2803 STANTON","sec":"8","lot":"LT 10 BLK 32","acct":"0803750000010","m":true},"geometry":{"type":"Polygon","coordinates":[[[-95.420678,29.693139],[-95.420685,29.693439],[-95.420948,29.693437],[-95.420947,29.693137],[-95.420678,29.693139]]]}},{"type":"Feature","properties":{"a":"8526 Bluegate St","k":"8526 BLUEGATE","sec":"7","lot":"LT 13 BLK 7","acct":"0780240350013","m":true},"geometry":{"type":"Polygon","coordinates":[[[-95.423781,29.687436],[-95.42414,29.687511],[-95.424197,29.687373],[-95.424261,29.687219],[-95.424106,29.687222],[-95.423842,29.687226],[-95.423834,29.687281],[-95.423821,29.687334],[-95.423803,29.687386],[-95.423781,29.687436]]]}},{"type":"Feature","properties":{"a":"3015 Castlewood St","k":"3015 CASTLEWOOD","sec":"3","lot":"LT 1 BLK 20","acct":"0780240120001","m":true},"geometry":{"type":"Polygon","coordinates":[[[-95.424704,29.690481],[-95.424701,29.69015],[-95.424602,29.690102],[-95.424387,29.690364],[-95.424473,29.690416],[-95.424515,29.690441],[-95.42456,29.69046],[-95.424607,29.690473],[-95.424655,29.69048],[-95.424704,29.690481]]]}},{"type":"Feature","properties":{"a":"2906 Ashwood St","k":"2906 ASHWOOD","sec":"2","lot":"LT 15 BLK 31","acct":"0780240070015","m":true},"geometry":{"type":"Polygon","coordinates":[[[-95.421941,29.692072],[-95.421944,29.692369],[-95.422174,29.692368],[-95.422171,29.692067],[-95.421941,29.692072]]]}},{"type":"Feature","properties":{"a":"8310 Fairhope Pl","k":"8310 FAIRHOPE","sec":"3","lot":"LT 5 BLK 22","acct":"0780240140005","m":true},"geometry":{"type":"Polygon","coordinates":[[[-95.423833,29.691553],[-95.423812,29.691617],[-95.423797,29.691683],[-95.423788,29.69175],[-95.423784,29.691818],[-95.424125,29.691812],[-95.424197,29.69163],[-95.423833,29.691553]]]}},{"type":"Feature","properties":{"a":"3410 Linkwood Dr","k":"3410 LINKWOOD","sec":"5","lot":"LT 12 BLK 12","acct":"0780240250012","m":true},"geometry":{"type":"Polygon","coordinates":[[[-95.427831,29.686902],[-95.427838,29.687191],[-95.42805,29.687187],[-95.428039,29.686899],[-95.427831,29.686902]]]}},{"type":"Feature","properties":{"a":"2815 Prescott St","k":"2815 PRESCOTT","sec":"8","lot":"LT 5 BLK 31","acct":"0803740000005","m":true},"geometry":{"type":"Polygon","coordinates":[[[-95.421463,29.692372],[-95.421465,29.692656],[-95.421718,29.692653],[-95.421714,29.692371],[-95.421463,29.692372]]]}},{"type":"Feature","properties":{"a":"3010 Stanton St","k":"3010 STANTON","sec":"2","lot":"LT 11 BLK 25","acct":"0780240040011","m":true},"geometry":{"type":"Polygon","coordinates":[[[-95.423544,29.693385],[-95.423496,29.693406],[-95.423416,29.693444],[-95.423334,29.693478],[-95.423447,29.693758],[-95.423522,29.693731],[-95.423692,29.693671],[-95.423544,29.693385]]]}},{"type":"Feature","properties":{"a":"3106 Gannett St","k":"3106 GANNETT","sec":"7","lot":"LT 16 BLK 18","acct":"0780240390016","m":true},"geometry":{"type":"Polygon","coordinates":[[[-95.425828,29.688342],[-95.425739,29.68866],[-95.425969,29.688657],[-95.426094,29.688656],[-95.426089,29.688378],[-95.426002,29.688371],[-95.425915,29.688359],[-95.425828,29.688342]]]}},{"type":"Feature","properties":{"a":"3514 Linkwood Dr","k":"3514 LINKWOOD","sec":"BT2","lot":"LT 7 BLK 35","acct":"0772040350007","m":true},"geometry":{"type":"Polygon","coordinates":[[[-95.429884,29.686869],[-95.429891,29.687158],[-95.430097,29.687155],[-95.430089,29.686866],[-95.429884,29.686869]]]}},{"type":"Feature","properties":{"a":"2810 Chiswell St","k":"2810 CHISWELL","sec":"9","lot":"LT 15 BLK 30","acct":"0813050000015","m":true},"geometry":{"type":"Polygon","coordinates":[[[-95.421188,29.691331],[-95.421186,29.691624],[-95.421437,29.691619],[-95.42144,29.691326],[-95.421188,29.691331]]]}},{"type":"Feature","properties":{"a":"8103 Lorrie Dr","k":"8103 LORRIE","sec":"8","lot":"LT 5 BLK 35","acct":"0803780000005","m":true},"geometry":{"type":"Polygon","coordinates":[[[-95.42019,29.694006],[-95.420197,29.69421],[-95.420556,29.694208],[-95.420545,29.694001],[-95.42019,29.694006]]]}},{"type":"Feature","properties":{"a":"8434 Bluegate St","k":"8434 BLUEGATE","sec":"9","lot":"LT 23 BLK 6","acct":"0813030000023","m":true},"geometry":{"type":"Polygon","coordinates":[[[-95.422735,29.689289],[-95.422464,29.689129],[-95.422337,29.689286],[-95.42261,29.689447],[-95.422708,29.689322],[-95.422735,29.689289]]]}},{"type":"Feature","properties":{"a":"8527 Bluegate St","k":"8527 BLUEGATE","sec":"10","lot":"LT 1 & TR 13B BLK 3","acct":"0823100000001","m":true},"geometry":{"type":"Polygon","coordinates":[[[-95.423313,29.686985],[-95.423364,29.687227],[-95.423645,29.687261],[-95.423657,29.687207],[-95.423663,29.687152],[-95.423672,29.68696],[-95.423594,29.686957],[-95.423523,29.686956],[-95.423453,29.686961],[-95.423382,29.686971],[-95.423313,29.686985]]]}},{"type":"Feature","properties":{"a":"8507 Hatton St","k":"8507 HATTON","sec":"4","lot":"LT 2 BLK 7","acct":"0780240190002","m":true},"geometry":{"type":"Polygon","coordinates":[[[-95.423518,29.688309],[-95.423395,29.688469],[-95.42366,29.688628],[-95.423785,29.68847],[-95.423518,29.688309]]]}},{"type":"Feature","properties":{"a":"2810 Stanton St","k":"2810 STANTON","sec":"8","lot":"LT 10 BLK 33","acct":"0803760000010","m":true},"geometry":{"type":"Polygon","coordinates":[[[-95.421436,29.693598],[-95.421183,29.6936],[-95.421191,29.693909],[-95.421234,29.693909],[-95.421442,29.693908],[-95.421436,29.693598]]]}},{"type":"Feature","properties":{"a":"3101 Linkwood Dr","k":"3101 LINKWOOD","sec":"7","lot":"LT 6 BLK 10","acct":"0780240370006","m":true},"geometry":{"type":"Polygon","coordinates":[[[-95.425851,29.686767],[-95.426057,29.686765],[-95.426049,29.686457],[-95.426043,29.686457],[-95.425917,29.686457],[-95.425845,29.686458],[-95.425851,29.686767]]]}},{"type":"Feature","properties":{"a":"2910 Fairhope St","k":"2910 FAIRHOPE","sec":"4","lot":"LT 7B BLK 29","acct":"0780240230007","m":true},"geometry":{"type":"Polygon","coordinates":[[[-95.422735,29.690591],[-95.422646,29.69057],[-95.422556,29.690555],[-95.422465,29.690548],[-95.422373,29.690548],[-95.422372,29.690857],[-95.422529,29.690859],[-95.422735,29.690591]]]}},{"type":"Feature","properties":{"a":"8422 Bluegate St","k":"8422 BLUEGATE","sec":"9","lot":"LT 20 BLK 6","acct":"0813030000020","m":true},"geometry":{"type":"Polygon","coordinates":[[[-95.422084,29.689601],[-95.422011,29.689692],[-95.421975,29.68972],[-95.421937,29.689746],[-95.422188,29.689991],[-95.422199,29.689976],[-95.422325,29.689814],[-95.42236,29.689768],[-95.422084,29.689601]]]}},{"type":"Feature","properties":{"a":"8502 Hatton St","k":"8502 HATTON","sec":"4","lot":"LT 4 BLK 9","acct":"0780240210004","m":true},"geometry":{"type":"Polygon","coordinates":[[[-95.423666,29.688911],[-95.423938,29.689075],[-95.424087,29.688888],[-95.423815,29.688724],[-95.423666,29.688911]]]}},{"type":"Feature","properties":{"a":"3002 Winslow St","k":"3002 WINSLOW","sec":"1","lot":"LT 10 BLK 28","acct":"0780230280010","m":true},"geometry":{"type":"Polygon","coordinates":[[[-95.423161,29.695091],[-95.423039,29.695098],[-95.422916,29.695099],[-95.422919,29.6952],[-95.422917,29.6953],[-95.422912,29.695401],[-95.423231,29.695421],[-95.423161,29.695091]]]}},{"type":"Feature","properties":{"a":"3014 Prescott St","k":"3014 PRESCOTT","sec":"2","lot":"LT 12 BLK 24","acct":"0780240030012","m":true},"geometry":{"type":"Polygon","coordinates":[[[-95.423907,29.692765],[-95.42376,29.692475],[-95.423553,29.692559],[-95.423701,29.692837],[-95.42375,29.69282],[-95.423907,29.692765]]]}},{"type":"Feature","properties":{"a":"3027 Stanton St","k":"3027 STANTON","sec":"2","lot":"LT 2 BLK 24","acct":"0780240030002","m":true},"geometry":{"type":"Polygon","coordinates":[[[-95.424493,29.692653],[-95.424309,29.692673],[-95.424233,29.692682],[-95.424293,29.692991],[-95.424402,29.692975],[-95.424511,29.692961],[-95.424493,29.692653]]]}},{"type":"Feature","properties":{"a":"8610 Bevlyn Dr","k":"8610 BEVLYN","sec":"BT2","lot":"LT 6 BLK 32","acct":"0772040320006","m":true},"geometry":{"type":"Polygon","coordinates":[[[-95.430917,29.689274],[-95.430914,29.689141],[-95.430913,29.689074],[-95.430525,29.689079],[-95.43053,29.68928],[-95.430917,29.689274]]]}},{"type":"Feature","properties":{"a":"3014 Stanton St","k":"3014 STANTON","sec":"2","lot":"LT 12 BLK 25","acct":"0780240040012","m":true},"geometry":{"type":"Polygon","coordinates":[[[-95.423911,29.693594],[-95.423761,29.6933],[-95.423652,29.69334],[-95.423544,29.693385],[-95.423692,29.693671],[-95.42374,29.693654],[-95.423911,29.693594]]]}},{"type":"Feature","properties":{"a":"8007 Serenity Ct","k":"8007 SERENITY","sec":null,"lot":"LT 7 BLK 1","acct":"1328420010007","m":true},"geometry":{"type":"Polygon","coordinates":[[[-95.421973,29.694951],[-95.421923,29.694952],[-95.421759,29.694953],[-95.421762,29.695151],[-95.422039,29.695148],[-95.422037,29.695005],[-95.422035,29.694995],[-95.422032,29.694986],[-95.422027,29.694977],[-95.42202,29.694969],[-95.422012,29.694962],[-95.422003,29.694957],[-95.421994,29.694953],[-95.421983,29.694951],[-95.421973,29.694951]]]}},{"type":"Feature","properties":{"a":"3114 Norris Dr","k":"3114 NORRIS","sec":"7","lot":"LT 9 BLK 17","acct":"0780240380009","m":true},"geometry":{"type":"Polygon","coordinates":[[[-95.426383,29.687651],[-95.426387,29.687935],[-95.42661,29.687931],[-95.426605,29.687649],[-95.426383,29.687651]]]}},{"type":"Feature","properties":{"a":"3423 Norris Dr","k":"3423 NORRIS","sec":"5","lot":"LT 4 BLK 12","acct":"0780240250004","m":true},"geometry":{"type":"Polygon","coordinates":[[[-95.428455,29.68718],[-95.428465,29.687458],[-95.428665,29.687454],[-95.428656,29.687176],[-95.428455,29.68718]]]}},{"type":"Feature","properties":{"a":"2907 Linkwood Dr","k":"2907 LINKWOOD","sec":"7","lot":"LT 15 BLK 10","acct":"0780240370015","m":true},"geometry":{"type":"Polygon","coordinates":[[[-95.42406,29.686499],[-95.424063,29.686787],[-95.424266,29.686785],[-95.424266,29.686496],[-95.42406,29.686499]]]}},{"type":"Feature","properties":{"a":"3030 Conway St","k":"3030 CONWAY","sec":"2","lot":"LT 16 BLK 26","acct":"0780240050016","m":true},"geometry":{"type":"Polygon","coordinates":[[[-95.424519,29.69396],[-95.424567,29.694311],[-95.424758,29.694283],[-95.424758,29.693955],[-95.424638,29.693954],[-95.424519,29.69396]]]}},{"type":"Feature","properties":{"a":"2906 Chiswell St","k":"2906 CHISWELL","sec":"3","lot":"LT 6 BLK 30","acct":"0780240170006","m":true},"geometry":{"type":"Polygon","coordinates":[[[-95.421943,29.691318],[-95.421948,29.691611],[-95.42217,29.691608],[-95.422184,29.691608],[-95.422178,29.691297],[-95.422061,29.691311],[-95.421943,29.691318]]]}},{"type":"Feature","properties":{"a":"2815 S Braeswood Blvd","k":"2815 S BRAESWOOD","sec":"8","lot":"LT 3 BLK 34","acct":"0803770000003","m":true},"geometry":{"type":"Polygon","coordinates":[[[-95.421504,29.694739],[-95.42151,29.695306],[-95.421639,29.695348],[-95.421765,29.695395],[-95.421762,29.695151],[-95.421759,29.694953],[-95.421756,29.694737],[-95.421504,29.694739]]]}},{"type":"Feature","properties":{"a":"8010 Serenity Ct","k":"8010 SERENITY","sec":null,"lot":"LT 3 BLK 1","acct":"1328420010003","m":true},"geometry":{"type":"Polygon","coordinates":[[[-95.422188,29.694949],[-95.422178,29.694949],[-95.422167,29.694951],[-95.422158,29.694955],[-95.422149,29.694961],[-95.422141,29.694967],[-95.422135,29.694975],[-95.42213,29.694985],[-95.422127,29.694994],[-95.422125,29.695004],[-95.422127,29.695147],[-95.422404,29.695145],[-95.422404,29.695124],[-95.422402,29.694947],[-95.422238,29.694948],[-95.422188,29.694949]]]}},{"type":"Feature","properties":{"a":"3030 Fairhope St","k":"3030 FAIRHOPE","sec":"3","lot":"LT 8 BLK 22","acct":"0780240140008","m":true},"geometry":{"type":"Polygon","coordinates":[[[-95.424716,29.691475],[-95.424607,29.691471],[-95.424498,29.691461],[-95.424441,29.691806],[-95.424466,29.691805],[-95.42472,29.691801],[-95.424716,29.691475]]]}},{"type":"Feature","properties":{"a":"8003 Serenity Ct","k":"8003 SERENITY","sec":null,"lot":"LT 8 BLK 1","acct":"1328420010008","m":true},"geometry":{"type":"Polygon","coordinates":[[[-95.421762,29.695151],[-95.421765,29.695395],[-95.421889,29.69545],[-95.42201,29.69551],[-95.422042,29.695462],[-95.422039,29.695148],[-95.421762,29.695151]]]}},{"type":"Feature","properties":{"a":"3007 Fairhope St","k":"3007 FAIRHOPE","sec":"3","lot":"LT 5 BLK 21","acct":"0780240130005","m":true},"geometry":{"type":"Polygon","coordinates":[[[-95.423914,29.690671],[-95.423905,29.690666],[-95.423719,29.690554],[-95.42351,29.690818],[-95.423704,29.690934],[-95.423914,29.690671]]]}},{"type":"Feature","properties":{"a":"3419 Linkwood Dr","k":"3419 LINKWOOD","sec":"5","lot":"LT 5 BLK 11","acct":"0780240240005","m":true},"geometry":{"type":"Polygon","coordinates":[[[-95.428229,29.686432],[-95.428239,29.686731],[-95.428441,29.686728],[-95.428435,29.686429],[-95.428432,29.686429],[-95.428283,29.686431],[-95.428229,29.686432]]]}},{"type":"Feature","properties":{"a":"8403 Lorrie Dr","k":"8403 LORRIE","sec":"9","lot":"LT 2 BLK 2","acct":"0813010000002","m":true},"geometry":{"type":"Polygon","coordinates":[[[-95.420837,29.689176],[-95.420585,29.689204],[-95.420587,29.68934],[-95.420587,29.689348],[-95.420589,29.689355],[-95.420592,29.689362],[-95.420596,29.689369],[-95.4206,29.689375],[-95.420606,29.68938],[-95.420613,29.689385],[-95.420836,29.689527],[-95.421032,29.68929],[-95.420837,29.689176]]]}},{"type":"Feature","properties":{"a":"8418 Hatton St","k":"8418 HATTON","sec":"4","lot":"LT 11 BLK 8","acct":"0780240200011","m":true},"geometry":{"type":"Polygon","coordinates":[[[-95.422996,29.68975],[-95.423268,29.689915],[-95.423394,29.689757],[-95.423122,29.689592],[-95.422996,29.68975]]]}},{"type":"Feature","properties":{"a":"3102 Gannett St","k":"3102 GANNETT","sec":"7","lot":"LT 17 BLK 18","acct":"0780240390017","m":true},"geometry":{"type":"Polygon","coordinates":[[[-95.42559,29.688265],[-95.42544,29.688459],[-95.42538,29.688537],[-95.425542,29.688593],[-95.425739,29.68866],[-95.425828,29.688342],[-95.425748,29.688321],[-95.425668,29.688295],[-95.42559,29.688265]]]}},{"type":"Feature","properties":{"a":"3122 Gannett St","k":"3122 GANNETT","sec":"7","lot":"LT 12 BLK 18","acct":"0780240390012","m":true},"geometry":{"type":"Polygon","coordinates":[[[-95.427116,29.688366],[-95.426847,29.688369],[-95.426851,29.688648],[-95.427118,29.688645],[-95.427116,29.688366]]]}},{"type":"Feature","properties":{"a":"2914 Chiswell St","k":"2914 CHISWELL","sec":"3","lot":"LT 8 BLK 30","acct":"0780240170008","m":true},"geometry":{"type":"Polygon","coordinates":[[[-95.42274,29.691285],[-95.42269,29.691267],[-95.422639,29.691253],[-95.422586,29.691245],[-95.422533,29.691242],[-95.42248,29.691244],[-95.422449,29.691247],[-95.422418,29.691253],[-95.422421,29.691606],[-95.422689,29.691608],[-95.422701,29.691499],[-95.422718,29.691392],[-95.42274,29.691285]]]}},{"type":"Feature","properties":{"a":"3018 Castlewood St","k":"3018 CASTLEWOOD","sec":"3","lot":"LT 11 BLK 21","acct":"0780240130011","m":true},"geometry":{"type":"Polygon","coordinates":[[[-95.424489,29.690609],[-95.424379,29.690926],[-95.424493,29.690956],[-95.424711,29.690976],[-95.424707,29.690643],[-95.424652,29.690642],[-95.424597,29.690636],[-95.424542,29.690625],[-95.424489,29.690609]]]}},{"type":"Feature","properties":{"a":"3515 S Braeswood Blvd","k":"3515 S BRAESWOOD","sec":"BT2","lot":"LT 14 BLK 29","acct":"0772040290029","m":false},"geometry":{"type":"Polygon","coordinates":[[[-95.430371,29.690093],[-95.430176,29.690095],[-95.430016,29.690097],[-95.430157,29.690515],[-95.430273,29.690493],[-95.430389,29.690475],[-95.430371,29.690093]]]}},{"type":"Feature","properties":{"a":"8414 Lorrie Dr","k":"8414 LORRIE","sec":"9","lot":"LT 11 BLK 4","acct":"0813020000011","m":true},"geometry":{"type":"Polygon","coordinates":[[[-95.421889,29.689056],[-95.421607,29.688878],[-95.421465,29.689048],[-95.421743,29.689216],[-95.421764,29.689193],[-95.421889,29.689056]]]}},{"type":"Feature","properties":{"a":"3122 Norris Dr","k":"3122 NORRIS","sec":"7","lot":"LT 7 BLK 17","acct":"0780240380007","m":true},"geometry":{"type":"Polygon","coordinates":[[[-95.426831,29.687646],[-95.426832,29.687928],[-95.427103,29.687924],[-95.427098,29.687644],[-95.426831,29.687646]]]}},{"type":"Feature","properties":{"a":"3010 Prescott St","k":"3010 PRESCOTT","sec":"2","lot":"LT 11 BLK 24","acct":"0780240030011","m":true},"geometry":{"type":"Polygon","coordinates":[[[-95.423553,29.692559],[-95.423318,29.692646],[-95.423465,29.69292],[-95.423506,29.692905],[-95.423701,29.692837],[-95.423553,29.692559]]]}},{"type":"Feature","properties":{"a":"8515 Bluegate St","k":"8515 BLUEGATE","sec":"10","lot":"LT 4 & TR 5A BLK 3","acct":"0823100000004","m":true},"geometry":{"type":"Polygon","coordinates":[[[-95.422955,29.687713],[-95.423229,29.687878],[-95.423372,29.687697],[-95.423096,29.687531],[-95.422955,29.687713]]]}},{"type":"Feature","properties":{"a":"3015 Stanton St","k":"3015 STANTON","sec":"2","lot":"LT 5 BLK 24","acct":"0780240030005","m":true},"geometry":{"type":"Polygon","coordinates":[[[-95.42375,29.69282],[-95.423701,29.692837],[-95.423506,29.692905],[-95.423645,29.693164],[-95.423754,29.693125],[-95.423864,29.693091],[-95.42375,29.69282]]]}},{"type":"Feature","properties":{"a":"2803 Conway St","k":"2803 CONWAY","sec":"8","lot":"LT 7 BLK 33","acct":"0803760000007","m":true},"geometry":{"type":"Polygon","coordinates":[[[-95.420984,29.693911],[-95.420971,29.693911],[-95.420699,29.693913],[-95.420713,29.69421],[-95.420991,29.694207],[-95.420984,29.693911]]]}},{"type":"Feature","properties":{"a":"3006 Winslow St","k":"3006 WINSLOW","sec":"1","lot":"LT 11 BLK 28","acct":"0780230280011","m":true},"geometry":{"type":"Polygon","coordinates":[[[-95.423575,29.695325],[-95.423537,29.695277],[-95.423505,29.695225],[-95.423477,29.695171],[-95.423454,29.695115],[-95.423437,29.695056],[-95.423299,29.695077],[-95.423161,29.695091],[-95.423231,29.695421],[-95.423242,29.695472],[-95.423575,29.695325]]]}},{"type":"Feature","properties":{"a":"2814 Linkwood Dr","k":"2814 LINKWOOD","sec":"10","lot":"LT 11 & TR 10A BLK 3","acct":"0823100000011","m":true},"geometry":{"type":"Polygon","coordinates":[[[-95.423096,29.687531],[-95.422821,29.687365],[-95.422675,29.687546],[-95.422955,29.687713],[-95.423096,29.687531]]]}},{"type":"Feature","properties":{"a":"3006 Prescott St","k":"3006 PRESCOTT","sec":"2","lot":"LT 10 BLK 24","acct":"0780240030010","m":true},"geometry":{"type":"Polygon","coordinates":[[[-95.423107,29.692717],[-95.423219,29.693006],[-95.423283,29.692983],[-95.423465,29.69292],[-95.423318,29.692646],[-95.423107,29.692717]]]}},{"type":"Feature","properties":{"a":"8519 Greenbush St","k":"8519 GREENBUSH","sec":"6","lot":"LT 7 BLK 9","acct":"0780240310007","m":true},"geometry":{"type":"Polygon","coordinates":[[[-95.424464,29.688414],[-95.424734,29.688578],[-95.424858,29.688422],[-95.424588,29.688257],[-95.424464,29.688414]]]}},{"type":"Feature","properties":{"a":"3403 Deal St","k":"3403 DEAL","sec":"5","lot":"TR 9 BLK 14","acct":"0780240270009","m":true},"geometry":{"type":"Polygon","coordinates":[[[-95.427431,29.688641],[-95.427434,29.688928],[-95.42763,29.688926],[-95.427626,29.688638],[-95.427431,29.688641]]]}},{"type":"Feature","properties":{"a":"3403 Gannett St","k":"3403 GANNETT","sec":"5","lot":"LT 9 BLK 13","acct":"0780240260009","m":true},"geometry":{"type":"Polygon","coordinates":[[[-95.427424,29.687921],[-95.427428,29.688202],[-95.427655,29.688198],[-95.427646,29.687918],[-95.427424,29.687921]]]}},{"type":"Feature","properties":{"a":"3406 Broadmead Dr","k":"3406 BROADMEAD","sec":"5","lot":"LT 8 BLK 16","acct":"0780240290008","m":true},"geometry":{"type":"Polygon","coordinates":[[[-95.427864,29.690118],[-95.427863,29.689808],[-95.427658,29.689811],[-95.427658,29.69012],[-95.427852,29.690118],[-95.427864,29.690118]]]}},{"type":"Feature","properties":{"a":"3519 Gannett St","k":"3519 GANNETT","sec":"BT2","lot":"LT 5 BLK 34","acct":"0772040340005","m":true},"geometry":{"type":"Polygon","coordinates":[[[-95.430118,29.687871],[-95.430128,29.688149],[-95.430322,29.688144],[-95.430315,29.687866],[-95.430118,29.687871]]]}},{"type":"Feature","properties":{"a":"8406 Hatton St","k":"8406 HATTON","sec":"4","lot":"LT 8 BLK 8","acct":"0780240200008","m":true},"geometry":{"type":"Polygon","coordinates":[[[-95.422738,29.690086],[-95.422593,29.690279],[-95.422588,29.690286],[-95.422583,29.690299],[-95.42258,29.690313],[-95.42258,29.690327],[-95.422581,29.690341],[-95.422585,29.690354],[-95.422592,29.690367],[-95.4226,29.690378],[-95.42261,29.690388],[-95.422622,29.690395],[-95.422635,29.690401],[-95.422648,29.690405],[-95.422741,29.690427],[-95.422834,29.690453],[-95.422998,29.690252],[-95.422738,29.690086]]]}},{"type":"Feature","properties":{"a":"2803 Prescott St","k":"2803 PRESCOTT","sec":"8","lot":"LT 8 BLK 31","acct":"0803740000008","m":true},"geometry":{"type":"Polygon","coordinates":[[[-95.420662,29.692377],[-95.420668,29.692666],[-95.420946,29.692662],[-95.420943,29.692376],[-95.420662,29.692377]]]}},{"type":"Feature","properties":{"a":"3435 Linkwood Dr","k":"3435 LINKWOOD","sec":"5","lot":"LT 1 BLK 11","acct":"0780240240001","m":true},"geometry":{"type":"Polygon","coordinates":[[[-95.429049,29.686419],[-95.42905,29.686718],[-95.429261,29.686714],[-95.429259,29.686415],[-95.429084,29.686418],[-95.429049,29.686419]]]}},{"type":"Feature","properties":{"a":"3019 Broadmead Dr","k":"3019 BROADMEAD","sec":"6","lot":"LT 9 BLK 19","acct":"0780240330009","m":true},"geometry":{"type":"Polygon","coordinates":[[[-95.425127,29.689326],[-95.425063,29.689658],[-95.425144,29.68967],[-95.425225,29.689677],[-95.425307,29.68968],[-95.425302,29.689392],[-95.425127,29.689326]]]}},{"type":"Feature","properties":{"a":"8206 Greenbush St","k":"8206 GREENBUSH","sec":"2","lot":"LT 7 BLK 23","acct":"0780240020007","m":true},"geometry":{"type":"Polygon","coordinates":[[[-95.422867,29.692168],[-95.42287,29.692367],[-95.423238,29.692366],[-95.423237,29.692183],[-95.423237,29.692167],[-95.422867,29.692168]]]}},{"type":"Feature","properties":{"a":"8507 Greenbush St","k":"8507 GREENBUSH","sec":"4","lot":"LT 2 BLK 9","acct":"0780240210002","m":true},"geometry":{"type":"Polygon","coordinates":[[[-95.424087,29.688888],[-95.424358,29.689052],[-95.424488,29.688889],[-95.424216,29.688726],[-95.424087,29.688888]]]}},{"type":"Feature","properties":{"a":"3031 Prescott St","k":"3031 PRESCOTT","sec":"2","lot":"LT 1 BLK 22","acct":"0780240010001","m":true},"geometry":{"type":"Polygon","coordinates":[[[-95.42472,29.691801],[-95.424466,29.691805],[-95.424474,29.692139],[-95.424598,29.692131],[-95.424723,29.692128],[-95.42472,29.691801]]]}},{"type":"Feature","properties":{"a":"2819 Fairhope St","k":"2819 FAIRHOPE","sec":"4","lot":"LT 10 BLK 6","acct":"0780240180010","m":true},"geometry":{"type":"Polygon","coordinates":[[[-95.421919,29.690117],[-95.421853,29.690119],[-95.421695,29.690124],[-95.421699,29.690409],[-95.421928,29.690403],[-95.421919,29.690117]]]}},{"type":"Feature","properties":{"a":"8518 Greenbush St","k":"8518 GREENBUSH","sec":"6","lot":"LT 1 BLK 18","acct":"0780240320001","m":true},"geometry":{"type":"Polygon","coordinates":[[[-95.4249,29.688654],[-95.424932,29.688676],[-95.425008,29.688725],[-95.425086,29.688771],[-95.425166,29.688814],[-95.425315,29.688622],[-95.425055,29.688459],[-95.4249,29.688654]]]}},{"type":"Feature","properties":{"a":"8315 Fairhope Pl","k":"8315 FAIRHOPE","sec":"3","lot":"LT 2 BLK 23","acct":"0780240150002","m":true},"geometry":{"type":"Polygon","coordinates":[[[-95.423336,29.691289],[-95.423284,29.691437],[-95.423233,29.691587],[-95.423236,29.691673],[-95.423603,29.691709],[-95.423613,29.691646],[-95.423627,29.691583],[-95.423645,29.691522],[-95.423667,29.691462],[-95.423417,29.691332],[-95.423336,29.691289]]]}},{"type":"Feature","properties":{"a":"3511 Norris Dr","k":"3511 NORRIS","sec":"BT2","lot":"LT 3 BLK 35","acct":"0772040350003","m":true},"geometry":{"type":"Polygon","coordinates":[[[-95.429686,29.68716],[-95.429694,29.687435],[-95.429898,29.687431],[-95.429891,29.687158],[-95.429686,29.68716]]]}},{"type":"Feature","properties":{"a":"3435 Deal St","k":"3435 DEAL","sec":"5","lot":"LT 1 BLK 14","acct":"0780240270001","m":true},"geometry":{"type":"Polygon","coordinates":[[[-95.429094,29.68862],[-95.4291,29.688906],[-95.429305,29.688903],[-95.429298,29.688618],[-95.429094,29.68862]]]}},{"type":"Feature","properties":{"a":"8442 Bluegate St","k":"8442 BLUEGATE","sec":"9","lot":"LT 25 BLK 6","acct":"0813030000025","m":true},"geometry":{"type":"Polygon","coordinates":[[[-95.422979,29.688977],[-95.422717,29.688816],[-95.42259,29.688972],[-95.422858,29.689132],[-95.422964,29.688997],[-95.422979,29.688977]]]}},{"type":"Feature","properties":{"a":"8527 Greenbush St","k":"8527 GREENBUSH","sec":"6","lot":"LT 9 BLK 9","acct":"0780240310009","m":true},"geometry":{"type":"Polygon","coordinates":[[[-95.424713,29.688099],[-95.424984,29.688263],[-95.425111,29.688104],[-95.424839,29.687941],[-95.424713,29.688099]]]}},{"type":"Feature","properties":{"a":"3106 Deal St","k":"3106 DEAL","sec":"7","lot":"LT 22 BLK 19","acct":"0780240400022","m":true},"geometry":{"type":"Polygon","coordinates":[[[-95.425971,29.689107],[-95.425972,29.689385],[-95.426193,29.689383],[-95.426192,29.689105],[-95.425971,29.689107]]]}},{"type":"Feature","properties":{"a":"8207 Lorrie Dr","k":"8207 LORRIE","sec":"8","lot":"LT 13 BLK 35","acct":"0803780000013","m":true},"geometry":{"type":"Polygon","coordinates":[[[-95.420137,29.69242],[-95.420143,29.692613],[-95.420497,29.692613],[-95.420492,29.692423],[-95.420137,29.69242]]]}},{"type":"Feature","properties":{"a":"2810 Conway St","k":"2810 CONWAY","sec":"8","lot":"LT 9 BLK 34","acct":"0803770000009","m":true},"geometry":{"type":"Polygon","coordinates":[[[-95.421248,29.69437],[-95.421252,29.694742],[-95.421504,29.694739],[-95.4215,29.694368],[-95.421248,29.69437]]]}},{"type":"Feature","properties":{"a":"3518 Gannett St","k":"3518 GANNETT","sec":"BT2","lot":"LT 6 BLK 33","acct":"0772040330006","m":true},"geometry":{"type":"Polygon","coordinates":[[[-95.430118,29.688325],[-95.430123,29.688608],[-95.430331,29.688605],[-95.430325,29.688322],[-95.430118,29.688325]]]}},{"type":"Feature","properties":{"a":"8537 Hatton St","k":"8537 HATTON","sec":"6","lot":"LT 9 BLK 7","acct":"0780240300009","m":true},"geometry":{"type":"Polygon","coordinates":[[[-95.424582,29.687213],[-95.424339,29.687217],[-95.424261,29.687219],[-95.424197,29.687373],[-95.424546,29.687447],[-95.424562,29.68739],[-95.424573,29.687331],[-95.42458,29.687272],[-95.424582,29.687213]]]}},{"type":"Feature","properties":{"a":"8306 Greenbush St","k":"8306 GREENBUSH","sec":"2","lot":"LT 10 BLK 23","acct":"0780240020010","m":true},"geometry":{"type":"Polygon","coordinates":[[[-95.423233,29.691587],[-95.422875,29.691573],[-95.422866,29.691672],[-95.422862,29.69177],[-95.423236,29.691766],[-95.423236,29.691673],[-95.423233,29.691587]]]}},{"type":"Feature","properties":{"a":"8443 Bluegate St","k":"8443 BLUEGATE","sec":"9","lot":"LT 2 BLK 4","acct":"0813020000002","m":true},"geometry":{"type":"Polygon","coordinates":[[[-95.422155,29.688719],[-95.422431,29.688886],[-95.422558,29.688729],[-95.422279,29.688561],[-95.422155,29.688719]]]}},{"type":"Feature","properties":{"a":"8415 Bluegate Ct","k":"8415 BLUEGATE","sec":"9","lot":"LT 9 BLK 1","acct":"0813000000009","m":true},"geometry":{"type":"Polygon","coordinates":[[[-95.420052,29.68897],[-95.420057,29.689179],[-95.420397,29.689168],[-95.420395,29.688958],[-95.420052,29.68897]]]}},{"type":"Feature","properties":{"a":"3430 Deal St","k":"3430 DEAL","sec":"5","lot":"LT 17 BLK 15","acct":"0780240280017","m":true},"geometry":{"type":"Polygon","coordinates":[[[-95.429114,29.689344],[-95.429108,29.689069],[-95.428903,29.689072],[-95.428909,29.689347],[-95.42908,29.689345],[-95.429114,29.689344]]]}},{"type":"Feature","properties":{"a":"2839 Linkwood Dr","k":"2839 LINKWOOD","sec":"10","lot":"LT 1 BLK 5","acct":"0823110000001","m":true},"geometry":{"type":"Polygon","coordinates":[[[-95.423647,29.686507],[-95.423379,29.686509],[-95.423383,29.686825],[-95.423445,29.686817],[-95.423508,29.686812],[-95.423571,29.68681],[-95.42365,29.686809],[-95.423647,29.686507]]]}},{"type":"Feature","properties":{"a":"3027 Tilden St","k":"3027 TILDEN","sec":"1","lot":"LT 1 BLK 27","acct":"0780230270001","m":true},"geometry":{"type":"Polygon","coordinates":[[[-95.424537,29.695113],[-95.424529,29.695442],[-95.424753,29.695439],[-95.424756,29.69511],[-95.424537,29.695113]]]}},{"type":"Feature","properties":{"a":"3511 S Braeswood Blvd","k":"3511 S BRAESWOOD","sec":"BT2","lot":"LT 13 BLK 29","acct":"0772040290013","m":false},"geometry":{"type":"Polygon","coordinates":[[[-95.430016,29.690097],[-95.429965,29.690098],[-95.429754,29.6901],[-95.429731,29.6901],[-95.429909,29.690577],[-95.430032,29.690544],[-95.430157,29.690515],[-95.430016,29.690097]]]}},{"type":"Feature","properties":{"a":"3502 Deal St","k":"3502 DEAL","sec":"BT2","lot":"LT 10 BLK 31","acct":"0772040310010","m":true},"geometry":{"type":"Polygon","coordinates":[[[-95.429309,29.689066],[-95.429315,29.689342],[-95.429521,29.68934],[-95.429514,29.689064],[-95.429309,29.689066]]]}},{"type":"Feature","properties":{"a":"8410 Bluegate St","k":"8410 BLUEGATE","sec":"9","lot":"LT 17 BLK 6","acct":"0813030000017","m":true},"geometry":{"type":"Polygon","coordinates":[[[-95.421565,29.690128],[-95.421564,29.689836],[-95.42133,29.689841],[-95.421327,29.690137],[-95.421427,29.690134],[-95.421565,29.690128]]]}},{"type":"Feature","properties":{"a":"3518 Linkwood Dr","k":"3518 LINKWOOD","sec":"BT2","lot":"LT 6 BLK 35","acct":"0772040350006","m":true},"geometry":{"type":"Polygon","coordinates":[[[-95.430089,29.686866],[-95.430097,29.687155],[-95.430295,29.687153],[-95.430284,29.686863],[-95.430089,29.686866]]]}},{"type":"Feature","properties":{"a":"2907 Conway St","k":"2907 CONWAY","sec":"8","lot":"LT 2 BLK 33","acct":"0803760000002","m":true},"geometry":{"type":"Polygon","coordinates":[[[-95.422173,29.693903],[-95.422136,29.693903],[-95.421959,29.693904],[-95.421966,29.694197],[-95.422179,29.694195],[-95.422173,29.693903]]]}},{"type":"Feature","properties":{"a":"3119 Gannett St","k":"3119 GANNETT","sec":"7","lot":"LT 5 BLK 17","acct":"0780240380005","m":true},"geometry":{"type":"Polygon","coordinates":[[[-95.42661,29.687931],[-95.426615,29.688208],[-95.426837,29.688206],[-95.426832,29.687928],[-95.42661,29.687931]]]}},{"type":"Feature","properties":{"a":"8438 Bluegate St","k":"8438 BLUEGATE","sec":"9","lot":"LT 24 BLK 6","acct":"0813030000024","m":true},"geometry":{"type":"Polygon","coordinates":[[[-95.422858,29.689132],[-95.42259,29.688972],[-95.422464,29.689129],[-95.422735,29.689289],[-95.422843,29.689151],[-95.422858,29.689132]]]}},{"type":"Feature","properties":{"a":"8503 Hatton St","k":"8503 HATTON","sec":"4","lot":"LT 1 BLK 7","acct":"0780240190001","m":true},"geometry":{"type":"Polygon","coordinates":[[[-95.423248,29.688658],[-95.42351,29.688817],[-95.42366,29.688628],[-95.423395,29.688469],[-95.423248,29.688658]]]}},{"type":"Feature","properties":{"a":"8211 Lorrie Dr","k":"8211 LORRIE","sec":"8","lot":"LT 14 BLK 35","acct":"0803780000014","m":true},"geometry":{"type":"Polygon","coordinates":[[[-95.420131,29.6922],[-95.420135,29.692351],[-95.420137,29.69242],[-95.420492,29.692423],[-95.420486,29.692194],[-95.420131,29.6922]]]}},{"type":"Feature","properties":{"a":"3102 Deal St","k":"3102 DEAL","sec":"7","lot":"LT 23 BLK 19","acct":"0780240400023","m":true},"geometry":{"type":"Polygon","coordinates":[[[-95.425746,29.689113],[-95.425748,29.689388],[-95.425972,29.689385],[-95.425971,29.689107],[-95.425746,29.689113]]]}},{"type":"Feature","properties":{"a":"3503 Deal St","k":"3503 DEAL","sec":"BT2","lot":"LT 1 BLK 33","acct":"0772040330001","m":true},"geometry":{"type":"Polygon","coordinates":[[[-95.429298,29.688618],[-95.429305,29.688903],[-95.42951,29.6889],[-95.429503,29.688615],[-95.429298,29.688618]]]}},{"type":"Feature","properties":{"a":"3122 Linkwood Dr","k":"3122 LINKWOOD","sec":"7","lot":"LT 28 BLK 9","acct":"0780240360028","m":true},"geometry":{"type":"Polygon","coordinates":[[[-95.426843,29.686921],[-95.426846,29.687193],[-95.427098,29.68719],[-95.427096,29.686919],[-95.426843,29.686921]]]}},{"type":"Feature","properties":{"a":"3007 Conway St","k":"3007 CONWAY","sec":"2","lot":"LT 7 BLK 25","acct":"0780240040007","m":true},"geometry":{"type":"Polygon","coordinates":[[[-95.423323,29.693801],[-95.423203,29.693844],[-95.423131,29.69387],[-95.423203,29.694159],[-95.423289,29.69414],[-95.423374,29.694118],[-95.423458,29.694092],[-95.423323,29.693801]]]}},{"type":"Feature","properties":{"a":"3119 Linkwood Dr","k":"3119 LINKWOOD","sec":"7","lot":"LT 2 BLK 10","acct":"0780240370002","m":true},"geometry":{"type":"Polygon","coordinates":[[[-95.426869,29.686756],[-95.42686,29.686454],[-95.426774,29.686454],[-95.426654,29.686455],[-95.42666,29.686758],[-95.426869,29.686756]]]}},{"type":"Feature","properties":{"a":"2902 Fairhope St","k":"2902 FAIRHOPE","sec":"4","lot":"LT 6 BLK 29","acct":"0780240230006","m":true},"geometry":{"type":"Polygon","coordinates":[[[-95.421929,29.690565],[-95.421934,29.69086],[-95.421956,29.690859],[-95.422159,29.690854],[-95.422156,29.690559],[-95.421929,29.690565]]]}},{"type":"Feature","properties":{"a":"3005 Tilden St","k":"3005 TILDEN","sec":"1","lot":"LT 4 BLK 27","acct":"0780230270004","m":true},"geometry":{"type":"Polygon","coordinates":[[[-95.423852,29.694948],[-95.423736,29.694985],[-95.423618,29.695017],[-95.423634,29.695069],[-95.423656,29.695119],[-95.423682,29.695167],[-95.423713,29.695211],[-95.423749,29.695253],[-95.423789,29.69529],[-95.423832,29.695324],[-95.423997,29.695232],[-95.423852,29.694948]]]}},{"type":"Feature","properties":{"a":"3422 Broadmead Dr","k":"3422 BROADMEAD","sec":"5","lot":"TRS 3 & 4A BLK 16","acct":"0780240290003","m":true},"geometry":{"type":"Polygon","coordinates":[[[-95.428514,29.689798],[-95.428516,29.690112],[-95.428778,29.690109],[-95.428781,29.689795],[-95.428514,29.689798]]]}},{"type":"Feature","properties":{"a":"3502 Gannett St","k":"3502 GANNETT","sec":"BT2","lot":"LT 10 BLK 33","acct":"0772040330010","m":true},"geometry":{"type":"Polygon","coordinates":[[[-95.429292,29.688338],[-95.429298,29.688618],[-95.429503,29.688615],[-95.429497,29.688335],[-95.429292,29.688338]]]}},{"type":"Feature","properties":{"a":"8419 Hatton St","k":"8419 HATTON","sec":"4","lot":"LT 4 BLK 6","acct":"0780240180004","m":true},"geometry":{"type":"Polygon","coordinates":[[[-95.422708,29.689322],[-95.42261,29.689447],[-95.422587,29.689477],[-95.422853,29.689646],[-95.422977,29.689487],[-95.422708,29.689322]]]}},{"type":"Feature","properties":{"a":"8126 Lorrie Dr","k":"8126 LORRIE","sec":"8","lot":"LT 11 BLK 32","acct":"0803750000011","m":true},"geometry":{"type":"Polygon","coordinates":[[[-95.420671,29.69283],[-95.420678,29.693139],[-95.420947,29.693137],[-95.420946,29.692826],[-95.420671,29.69283]]]}},{"type":"Feature","properties":{"a":"8407 Hatton St","k":"8407 HATTON","sec":"4","lot":"LT 7 BLK 6","acct":"0780240180007","m":true},"geometry":{"type":"Polygon","coordinates":[[[-95.422199,29.689976],[-95.422474,29.690136],[-95.422597,29.689977],[-95.422325,29.689814],[-95.422199,29.689976]]]}},{"type":"Feature","properties":{"a":"3106 Norris Dr","k":"3106 NORRIS","sec":"7","lot":"LT 11 BLK 17","acct":"0780240380011","m":true},"geometry":{"type":"Polygon","coordinates":[[[-95.425834,29.687709],[-95.425953,29.687941],[-95.426164,29.687938],[-95.42616,29.687653],[-95.426077,29.687657],[-95.425995,29.687668],[-95.425914,29.687685],[-95.425834,29.687709]]]}},{"type":"Feature","properties":{"a":"3518 Broadmead Dr","k":"3518 BROADMEAD","sec":"BT2","lot":"LT 15 BLK 29","acct":"0772040290015","m":true},"geometry":{"type":"Polygon","coordinates":[[[-95.430176,29.690095],[-95.430371,29.690093],[-95.430356,29.689771],[-95.430168,29.689774],[-95.430176,29.690095]]]}},{"type":"Feature","properties":{"a":"3002 Castlewood St","k":"3002 CASTLEWOOD","sec":"3","lot":"LT 7 BLK 21","acct":"0780240130007","m":true},"geometry":{"type":"Polygon","coordinates":[[[-95.4235,29.690422],[-95.423719,29.690554],[-95.42393,29.690288],[-95.423712,29.690156],[-95.4235,29.690422]]]}},{"type":"Feature","properties":{"a":"2811 Conway St","k":"2811 CONWAY","sec":"8","lot":"LT 5 BLK 33","acct":"0803760000005","m":true},"geometry":{"type":"Polygon","coordinates":[[[-95.421234,29.693909],[-95.421242,29.694204],[-95.421494,29.694202],[-95.421486,29.693907],[-95.421442,29.693908],[-95.421234,29.693909]]]}},{"type":"Feature","properties":{"a":"3430 Linkwood Dr","k":"3430 LINKWOOD","sec":"5","lot":"LT 17 BLK 12","acct":"0780240250017","m":true},"geometry":{"type":"Polygon","coordinates":[[[-95.428853,29.686886],[-95.428864,29.687172],[-95.429068,29.687168],[-95.429058,29.686882],[-95.428853,29.686886]]]}},{"type":"Feature","properties":{"a":"3026 Fairhope St","k":"3026 FAIRHOPE","sec":"3","lot":"LT 7 BLK 22","acct":"0780240140007","m":true},"geometry":{"type":"Polygon","coordinates":[[[-95.424279,29.691422],[-95.424197,29.69163],[-95.424125,29.691812],[-95.424182,29.691811],[-95.424441,29.691806],[-95.424498,29.691461],[-95.424429,29.691451],[-95.42436,29.691439],[-95.424279,29.691422]]]}},{"type":"Feature","properties":{"a":"8431 Bluegate St","k":"8431 BLUEGATE","sec":"9","lot":"LT 5 BLK 4","acct":"0813020000005","m":true},"geometry":{"type":"Polygon","coordinates":[[[-95.421889,29.689056],[-95.421764,29.689193],[-95.422046,29.689366],[-95.422174,29.689206],[-95.421902,29.68904],[-95.421889,29.689056]]]}},{"type":"Feature","properties":{"a":"3435 Norris Dr","k":"3435 NORRIS","sec":"5","lot":"LT 1 BLK 12","acct":"0780240250001","m":true},"geometry":{"type":"Polygon","coordinates":[[[-95.429068,29.687168],[-95.429078,29.687446],[-95.429285,29.687443],[-95.429276,29.687165],[-95.429068,29.687168]]]}},{"type":"Feature","properties":{"a":"3123 Linkwood Dr","k":"3123 LINKWOOD","sec":"7","lot":"LT 1 BLK 10","acct":"0780240370001","m":true},"geometry":{"type":"Polygon","coordinates":[[[-95.42686,29.686454],[-95.426869,29.686756],[-95.427088,29.686753],[-95.427073,29.686453],[-95.426903,29.686454],[-95.42686,29.686454]]]}},{"type":"Feature","properties":{"a":"8430 Bluegate St","k":"8430 BLUEGATE","sec":"9","lot":"LT 22 BLK 6","acct":"0813030000022","m":true},"geometry":{"type":"Polygon","coordinates":[[[-95.422485,29.689607],[-95.422587,29.689477],[-95.42261,29.689447],[-95.422337,29.689286],[-95.422211,29.689443],[-95.422485,29.689607]]]}},{"type":"Feature","properties":{"a":"2911 Chiswell St","k":"2911 CHISWELL","sec":"3","lot":"LT 2 BLK 29","acct":"0780240160002","m":true},"geometry":{"type":"Polygon","coordinates":[[[-95.422529,29.690859],[-95.422372,29.690857],[-95.422215,29.690855],[-95.422212,29.691124],[-95.422306,29.691106],[-95.422399,29.691085],[-95.422468,29.691078],[-95.422529,29.690859]]]}},{"type":"Feature","properties":{"a":"3518 Deal St","k":"3518 DEAL","sec":"BT2","lot":"LT 6 BLK 31","acct":"0772040310006","m":true},"geometry":{"type":"Polygon","coordinates":[[[-95.430133,29.689055],[-95.43014,29.689333],[-95.430346,29.689331],[-95.43034,29.689052],[-95.430133,29.689055]]]}},{"type":"Feature","properties":{"a":"3411 Linkwood Dr","k":"3411 LINKWOOD","sec":"5","lot":"LT 7 BLK 11","acct":"0780240240007","m":true},"geometry":{"type":"Polygon","coordinates":[[[-95.428024,29.686434],[-95.427952,29.686435],[-95.427816,29.686437],[-95.427827,29.686738],[-95.428035,29.686734],[-95.428024,29.686434]]]}},{"type":"Feature","properties":{"a":"8015 Lorrie Dr","k":"8015 LORRIE","sec":"8","lot":"LT 4 BLK 35","acct":"0803780000004","m":true},"geometry":{"type":"Polygon","coordinates":[[[-95.420197,29.69421],[-95.420203,29.694401],[-95.420562,29.694401],[-95.420556,29.694208],[-95.420197,29.69421]]]}},{"type":"Feature","properties":{"a":"3107 Broadmead Dr","k":"3107 BROADMEAD","sec":"7","lot":"LT 13 BLK 19","acct":"0780240400013","m":true},"geometry":{"type":"Polygon","coordinates":[[[-95.425972,29.689385],[-95.425972,29.689668],[-95.426193,29.689664],[-95.426193,29.689383],[-95.425972,29.689385]]]}},{"type":"Feature","properties":{"a":"3026 Stanton St","k":"3026 STANTON","sec":"2","lot":"LT 15 BLK 25","acct":"0780240040015","m":true},"geometry":{"type":"Polygon","coordinates":[[[-95.424529,29.693487],[-95.424502,29.693139],[-95.424375,29.693157],[-95.42425,29.693179],[-95.424321,29.69351],[-95.424494,29.693491],[-95.424529,29.693487]]]}},{"type":"Feature","properties":{"a":"3414 Broadmead Dr","k":"3414 BROADMEAD","sec":"5","lot":"LT 6 & TR 7A BLK 16","acct":"0780240290006","m":true},"geometry":{"type":"Polygon","coordinates":[[[-95.428066,29.689805],[-95.42807,29.690116],[-95.428283,29.690114],[-95.428281,29.689802],[-95.428066,29.689805]]]}},{"type":"Feature","properties":{"a":"8011 Serenity Ct","k":"8011 SERENITY","sec":null,"lot":"LT 6 BLK 1","acct":"1328420010006","m":true},"geometry":{"type":"Polygon","coordinates":[[[-95.421964,29.694661],[-95.421944,29.694661],[-95.421755,29.694663],[-95.421756,29.694737],[-95.421759,29.694953],[-95.421923,29.694952],[-95.421922,29.694897],[-95.421967,29.694896],[-95.421964,29.694661]]]}},{"type":"Feature","properties":{"a":"2810 Prescott St","k":"2810 PRESCOTT","sec":"8","lot":"LT 13 BLK 32","acct":"0803750000013","m":true},"geometry":{"type":"Polygon","coordinates":[[[-95.421199,29.692822],[-95.421199,29.693135],[-95.421467,29.693133],[-95.421468,29.692819],[-95.421199,29.692822]]]}},{"type":"Feature","properties":{"a":"3423 Deal St","k":"3423 DEAL","sec":"5","lot":"LT 4 BLK 14","acct":"0780240270004","m":true},"geometry":{"type":"Polygon","coordinates":[[[-95.428472,29.688628],[-95.428479,29.688914],[-95.428684,29.688912],[-95.428677,29.688625],[-95.428472,29.688628]]]}},{"type":"Feature","properties":{"a":"3010 Castlewood St","k":"3010 CASTLEWOOD","sec":"3","lot":"LT 9 BLK 21","acct":"0780240130009","m":true},"geometry":{"type":"Polygon","coordinates":[[[-95.423905,29.690666],[-95.423914,29.690671],[-95.424092,29.690779],[-95.424303,29.690512],[-95.424117,29.6904],[-95.423905,29.690666]]]}},{"type":"Feature","properties":{"a":"2814 Fairhope St","k":"2814 FAIRHOPE","sec":"9","lot":"LT 16 BLK 29","acct":"0813040000016","m":true},"geometry":{"type":"Polygon","coordinates":[[[-95.421423,29.690579],[-95.421418,29.690874],[-95.421456,29.690873],[-95.421703,29.690867],[-95.421701,29.690571],[-95.421423,29.690579]]]}},{"type":"Feature","properties":{"a":"3122 Broadmead Dr","k":"3122 BROADMEAD","sec":"7","lot":"LT 17 BLK 20","acct":"0780240410017","m":true},"geometry":{"type":"Polygon","coordinates":[[[-95.427131,29.690125],[-95.427129,29.689817],[-95.426855,29.689821],[-95.426856,29.690127],[-95.426919,29.690127],[-95.427124,29.690125],[-95.427131,29.690125]]]}},{"type":"Feature","properties":{"a":"2803 Chiswell St","k":"2803 CHISWELL","sec":"9","lot":"LT 12 BLK 29","acct":"0813040000012","m":true},"geometry":{"type":"Polygon","coordinates":[[[-95.420632,29.690892],[-95.420637,29.691177],[-95.420919,29.69117],[-95.420922,29.690885],[-95.420632,29.690892]]]}},{"type":"Feature","properties":{"a":"3103 Norris Dr","k":"3103 NORRIS","sec":"7","lot":"LT 22 BLK 9","acct":"0780240360022","m":true},"geometry":{"type":"Polygon","coordinates":[[[-95.425948,29.687203],[-95.425919,29.687203],[-95.425701,29.687206],[-95.425611,29.687207],[-95.425733,29.687568],[-95.425803,29.687544],[-95.425874,29.687525],[-95.425946,29.68751],[-95.425948,29.687203]]]}},{"type":"Feature","properties":{"a":"2803 Fairhope St","k":"2803 FAIRHOPE","sec":"9","lot":"LT 14 BLK 6","acct":"0813030000014","m":true},"geometry":{"type":"Polygon","coordinates":[[[-95.420893,29.690149],[-95.420665,29.690105],[-95.420644,29.69017],[-95.420628,29.690236],[-95.420616,29.690304],[-95.42061,29.690372],[-95.42061,29.69044],[-95.420894,29.690432],[-95.420893,29.690149]]]}},{"type":"Feature","properties":{"a":"2902 Prescott St","k":"2902 PRESCOTT","sec":"2","lot":"LT 15 BLK 32","acct":"0780240080015","m":true},"geometry":{"type":"Polygon","coordinates":[[[-95.421719,29.692815],[-95.421719,29.693131],[-95.421934,29.693129],[-95.421934,29.692813],[-95.421719,29.692815]]]}},{"type":"Feature","properties":{"a":"3026 Broadmead Dr","k":"3026 BROADMEAD","sec":"6","lot":"LT 11 BLK 20","acct":"0780240340011","m":true},"geometry":{"type":"Polygon","coordinates":[[[-95.425754,29.690139],[-95.425752,29.689836],[-95.42553,29.689841],[-95.425533,29.690141],[-95.425707,29.690139],[-95.425754,29.690139]]]}},{"type":"Feature","properties":{"a":"2903 Ashwood St","k":"2903 ASHWOOD","sec":"2","lot":"LT 4 BLK 30","acct":"0780240060004","m":true},"geometry":{"type":"Polygon","coordinates":[[[-95.421948,29.691611],[-95.421709,29.691614],[-95.421711,29.691909],[-95.42194,29.691904],[-95.421948,29.691611]]]}},{"type":"Feature","properties":{"a":"3115 Broadmead Dr","k":"3115 BROADMEAD","sec":"7","lot":"LT 15 BLK 19","acct":"0780240400015","m":true},"geometry":{"type":"Polygon","coordinates":[[[-95.426412,29.689381],[-95.426412,29.689661],[-95.426633,29.689658],[-95.426633,29.689378],[-95.426412,29.689381]]]}},{"type":"Feature","properties":{"a":"8302 Greenbush St","k":"8302 GREENBUSH","sec":"2","lot":"LT 9 BLK 23","acct":"0780240020009","m":true},"geometry":{"type":"Polygon","coordinates":[[[-95.423237,29.691967],[-95.423237,29.691927],[-95.423236,29.691766],[-95.422862,29.69177],[-95.422862,29.691817],[-95.422864,29.691969],[-95.423237,29.691967]]]}},{"type":"Feature","properties":{"a":"2823 Linkwood Dr","k":"2823 LINKWOOD","sec":"10","lot":"LT 5 BLK 5","acct":"0823110000005","m":true},"geometry":{"type":"Polygon","coordinates":[[[-95.422156,29.686518],[-95.422162,29.686819],[-95.422498,29.686913],[-95.422505,29.686891],[-95.422515,29.68687],[-95.422528,29.686851],[-95.422544,29.686834],[-95.422563,29.68682],[-95.422583,29.686809],[-95.422605,29.686802],[-95.422628,29.686797],[-95.422529,29.686514],[-95.422156,29.686518]]]}},{"type":"Feature","properties":{"a":"3018 Winslow St","k":"3018 WINSLOW","sec":"1","lot":"LT 5 BLK 27","acct":"0780230270005","m":true},"geometry":{"type":"Polygon","coordinates":[[[-95.424065,29.694872],[-95.423971,29.694903],[-95.423852,29.694948],[-95.423997,29.695232],[-95.424168,29.695137],[-95.424065,29.694872]]]}},{"type":"Feature","properties":{"a":"2815 Conway St","k":"2815 CONWAY","sec":"8","lot":"LT 4 BLK 33","acct":"0803760000004","m":true},"geometry":{"type":"Polygon","coordinates":[[[-95.421738,29.693906],[-95.421662,29.693906],[-95.421486,29.693907],[-95.421494,29.694202],[-95.421745,29.694199],[-95.421738,29.693906]]]}},{"type":"Feature","properties":{"a":"3407 Gannett St","k":"3407 GANNETT","sec":"5","lot":"LT 8 BLK 13","acct":"0780240260008","m":true},"geometry":{"type":"Polygon","coordinates":[[[-95.427646,29.687918],[-95.427655,29.688198],[-95.427856,29.688195],[-95.42785,29.687914],[-95.427646,29.687918]]]}},{"type":"Feature","properties":{"a":"3422 Gannett St","k":"3422 GANNETT","sec":"5","lot":"LT 15 BLK 14","acct":"0780240270015","m":true},"geometry":{"type":"Polygon","coordinates":[[[-95.428466,29.68835],[-95.428472,29.688628],[-95.428677,29.688625],[-95.428671,29.688347],[-95.428466,29.68835]]]}},{"type":"Feature","properties":{"a":"8314 Greenbush St","k":"8314 GREENBUSH","sec":"3","lot":"LT 12 BLK 23","acct":"0780240150012","m":true},"geometry":{"type":"Polygon","coordinates":[[[-95.423336,29.691289],[-95.423214,29.691225],[-95.42301,29.691117],[-95.422963,29.691218],[-95.422921,29.691322],[-95.422918,29.691334],[-95.423284,29.691437],[-95.423336,29.691289]]]}},{"type":"Feature","properties":{"a":"8510 Bluegate St","k":"8510 BLUEGATE","sec":"7","lot":"LT 17 BLK 7","acct":"0780240350017","m":true},"geometry":{"type":"Polygon","coordinates":[[[-95.423685,29.688094],[-95.423412,29.687941],[-95.423263,29.688131],[-95.423533,29.68829],[-95.423652,29.688137],[-95.423685,29.688094]]]}},{"type":"Feature","properties":{"a":"3022 Broadmead Dr","k":"3022 BROADMEAD","sec":"6","lot":"LT 10 BLK 20","acct":"0780240340010","m":true},"geometry":{"type":"Polygon","coordinates":[[[-95.425533,29.690141],[-95.42553,29.689841],[-95.425308,29.689843],[-95.425313,29.690144],[-95.425508,29.690141],[-95.425533,29.690141]]]}},{"type":"Feature","properties":{"a":"3406 Gannett St","k":"3406 GANNETT","sec":"5","lot":"LT 11 BLK 14","acct":"0780240270011","m":true},"geometry":{"type":"Polygon","coordinates":[[[-95.427648,29.688638],[-95.427834,29.688636],[-95.427849,29.688636],[-95.427842,29.68836],[-95.427637,29.688363],[-95.427648,29.688638]]]}},{"type":"Feature","properties":{"a":"2915 Ashwood St","k":"2915 ASHWOOD","sec":"2","lot":"LT 1 BLK 30","acct":"0780240060001","m":true},"geometry":{"type":"Polygon","coordinates":[[[-95.422689,29.691608],[-95.422421,29.691606],[-95.422399,29.691606],[-95.422399,29.691895],[-95.422683,29.691893],[-95.422681,29.691798],[-95.422683,29.691703],[-95.422689,29.691608]]]}},{"type":"Feature","properties":{"a":"8210 Greenbush St","k":"8210 GREENBUSH","sec":"2","lot":"LT 8 BLK 23","acct":"0780240020008","m":true},"geometry":{"type":"Polygon","coordinates":[[[-95.423237,29.691967],[-95.422864,29.691969],[-95.422867,29.692168],[-95.423237,29.692167],[-95.423237,29.691967]]]}},{"type":"Feature","properties":{"a":"3107 Deal St","k":"3107 DEAL","sec":"7","lot":"LT 7 BLK 18","acct":"0780240390007","m":true},"geometry":{"type":"Polygon","coordinates":[[[-95.426189,29.688655],[-95.426094,29.688656],[-95.425969,29.688657],[-95.425971,29.688944],[-95.426191,29.688942],[-95.426189,29.688655]]]}},{"type":"Feature","properties":{"a":"8503 Bluegate St","k":"8503 BLUEGATE","sec":"10","lot":"LT 7 & TR 6A BLK 3","acct":"0823100000007","m":true},"geometry":{"type":"Polygon","coordinates":[[[-95.422549,29.688236],[-95.422825,29.6884],[-95.42298,29.688199],[-95.422706,29.688034],[-95.422549,29.688236]]]}},{"type":"Feature","properties":{"a":"2902 Chiswell St","k":"2902 CHISWELL","sec":"3","lot":"LT 5 BLK 30","acct":"0780240170005","m":true},"geometry":{"type":"Polygon","coordinates":[[[-95.421709,29.691614],[-95.421948,29.691611],[-95.421943,29.691318],[-95.421868,29.69132],[-95.421793,29.69132],[-95.421706,29.691321],[-95.421709,29.691614]]]}},{"type":"Feature","properties":{"a":"2903 Fairhope St","k":"2903 FAIRHOPE","sec":"4","lot":"LT 9 BLK 6","acct":"0780240180009","m":true},"geometry":{"type":"Polygon","coordinates":[[[-95.421928,29.690403],[-95.422178,29.690396],[-95.422213,29.690392],[-95.422246,29.690383],[-95.422277,29.690368],[-95.422305,29.690349],[-95.422069,29.690112],[-95.421919,29.690117],[-95.421928,29.690403]]]}},{"type":"Feature","properties":{"a":"2906 Prescott St","k":"2906 PRESCOTT","sec":"2","lot":"LT 16 BLK 32","acct":"0780240080016","m":true},"geometry":{"type":"Polygon","coordinates":[[[-95.421934,29.692813],[-95.421934,29.693129],[-95.422149,29.693128],[-95.422149,29.69281],[-95.421934,29.692813]]]}},{"type":"Feature","properties":{"a":"3006 Castlewood St","k":"3006 CASTLEWOOD","sec":"3","lot":"LT 8 BLK 21","acct":"0780240130008","m":true},"geometry":{"type":"Polygon","coordinates":[[[-95.423719,29.690554],[-95.423905,29.690666],[-95.424117,29.6904],[-95.42393,29.690288],[-95.423719,29.690554]]]}},{"type":"Feature","properties":{"a":"3418 Deal St","k":"3418 DEAL","sec":"5","lot":"LT 14 BLK 15","acct":"0780240280014","m":true},"geometry":{"type":"Polygon","coordinates":[[[-95.428489,29.689078],[-95.428269,29.689081],[-95.428272,29.689355],[-95.42844,29.689353],[-95.428493,29.689353],[-95.428489,29.689078]]]}},{"type":"Feature","properties":{"a":"8001 Braesmain Dr","k":"8001 BRAESMAIN","sec":null,"lot":"TR 21A","acct":"0440920000186","m":true},"geometry":{"type":"Polygon","coordinates":[[[-95.419186,29.695142],[-95.419389,29.695345],[-95.419767,29.695219],[-95.419747,29.695143],[-95.419722,29.695068],[-95.419691,29.694994],[-95.419656,29.694924],[-95.419616,29.694856],[-95.419186,29.695142]]]}},{"type":"Feature","properties":{"a":"8319 Lorrie Dr","k":"8319 LORRIE","sec":"9","lot":"LT 15 BLK 1","acct":"0813000000015","m":true},"geometry":{"type":"Polygon","coordinates":[[[-95.420083,29.690248],[-95.420088,29.690441],[-95.420429,29.690433],[-95.420425,29.690328],[-95.420429,29.690281],[-95.420435,29.690234],[-95.420083,29.690248]]]}},{"type":"Feature","properties":{"a":"3411 Gannett St","k":"3411 GANNETT","sec":"5","lot":"LT 7 BLK 13","acct":"0780240260007","m":true},"geometry":{"type":"Polygon","coordinates":[[[-95.42785,29.687914],[-95.427856,29.688195],[-95.428082,29.688191],[-95.428073,29.687911],[-95.42785,29.687914]]]}},{"type":"Feature","properties":{"a":"3511 Linkwood","k":"3511 LINKWOOD","sec":null,"lot":"TR 15A &","acct":"0440860000235","m":true},"geometry":{"type":"Polygon","coordinates":[[[-95.429225,29.685391],[-95.429229,29.685525],[-95.429234,29.685664],[-95.429238,29.685792],[-95.429243,29.685955],[-95.429248,29.68608],[-95.429248,29.686091],[-95.429253,29.686244],[-95.429259,29.686415],[-95.429261,29.686714],[-95.430875,29.686686],[-95.430867,29.685453],[-95.429225,29.685391]]]}},{"type":"Feature","properties":{"a":"2818 Fairhope St","k":"2818 FAIRHOPE","sec":"4","lot":"LT 5 BLK 29","acct":"0780240230005","m":true},"geometry":{"type":"Polygon","coordinates":[[[-95.421703,29.690867],[-95.421934,29.69086],[-95.421929,29.690565],[-95.421701,29.690571],[-95.421703,29.690867]]]}},{"type":"Feature","properties":{"a":"8415 Greenbush St","k":"8415 GREENBUSH","sec":"3","lot":"LT 4 BLK 8","acct":"0780240110004","m":true},"geometry":{"type":"Polygon","coordinates":[[[-95.423407,29.689741],[-95.423394,29.689757],[-95.423268,29.689915],[-95.423545,29.690072],[-95.423678,29.689906],[-95.423407,29.689741]]]}},{"type":"Feature","properties":{"a":"2811 S Braeswood Blvd","k":"2811 S BRAESWOOD","sec":"8","lot":"LT 4 BLK 34","acct":"0803770000004","m":true},"geometry":{"type":"Polygon","coordinates":[[[-95.421252,29.694742],[-95.421257,29.695237],[-95.421385,29.695269],[-95.42151,29.695306],[-95.421504,29.694739],[-95.421252,29.694742]]]}},{"type":"Feature","properties":{"a":"8406 Lorrie Dr","k":"8406 LORRIE","sec":"9","lot":"LT 9 BLK 4","acct":"0813020000009","m":true},"geometry":{"type":"Polygon","coordinates":[[[-95.421197,29.68937],[-95.421477,29.68954],[-95.421612,29.689374],[-95.421334,29.689205],[-95.421197,29.68937]]]}},{"type":"Feature","properties":{"a":"8426 Hatton St","k":"8426 HATTON","sec":"4","lot":"LT 13 BLK 8","acct":"0780240200013","m":true},"geometry":{"type":"Polygon","coordinates":[[[-95.42354,29.689573],[-95.423663,29.689418],[-95.423391,29.689253],[-95.423265,29.689411],[-95.42354,29.689573]]]}},{"type":"Feature","properties":{"a":"3110 Broadmead Dr","k":"3110 BROADMEAD","sec":"7","lot":"LT 14 BLK 20","acct":"0780240410014","m":true},"geometry":{"type":"Polygon","coordinates":[[[-95.426414,29.690132],[-95.426413,29.689826],[-95.426192,29.68983],[-95.426195,29.690134],[-95.426313,29.690133],[-95.426414,29.690132]]]}},{"type":"Feature","properties":{"a":"3507 Broadmead Dr","k":"3507 BROADMEAD","sec":"BT2","lot":"LT 2 BLK 31","acct":"0772040310002","m":true},"geometry":{"type":"Polygon","coordinates":[[[-95.429521,29.68934],[-95.429529,29.68962],[-95.429732,29.689617],[-95.429727,29.689337],[-95.429521,29.68934]]]}},{"type":"Feature","properties":{"a":"3119 Norris Dr","k":"3119 NORRIS","sec":"7","lot":"LT 26 BLK 9","acct":"0780240360026","m":true},"geometry":{"type":"Polygon","coordinates":[[[-95.426826,29.687193],[-95.426604,29.687196],[-95.426608,29.687485],[-95.426829,29.687483],[-95.426826,29.687193]]]}},{"type":"Feature","properties":{"a":"2802 Fairhope St","k":"2802 FAIRHOPE","sec":"9","lot":"LT 13 BLK 29","acct":"0813040000013","m":true},"geometry":{"type":"Polygon","coordinates":[[[-95.420627,29.690603],[-95.420632,29.690892],[-95.420922,29.690885],[-95.42092,29.690594],[-95.420627,29.690603]]]}},{"type":"Feature","properties":{"a":"8215 Lorrie Dr","k":"8215 LORRIE","sec":"8","lot":"LT 15 BLK 35","acct":"0803780000015","m":true},"geometry":{"type":"Polygon","coordinates":[[[-95.420126,29.692008],[-95.420131,29.6922],[-95.420486,29.692194],[-95.420481,29.692],[-95.420126,29.692008]]]}},{"type":"Feature","properties":{"a":"3123 Norris Dr","k":"3123 NORRIS","sec":"7","lot":"LT 27 BLK 9","acct":"0780240360027","m":true},"geometry":{"type":"Polygon","coordinates":[[[-95.427098,29.68719],[-95.426846,29.687193],[-95.426826,29.687193],[-95.426829,29.687483],[-95.427099,29.68748],[-95.427098,29.68719]]]}},{"type":"Feature","properties":{"a":"8523 Greenbush St","k":"8523 GREENBUSH","sec":"6","lot":"LT 8 BLK 9","acct":"0780240310008","m":true},"geometry":{"type":"Polygon","coordinates":[[[-95.424588,29.688257],[-95.424858,29.688422],[-95.424984,29.688263],[-95.424713,29.688099],[-95.424588,29.688257]]]}},{"type":"Feature","properties":{"a":"8506 Bevlyn Dr","k":"8506 BEVLYN","sec":"BT2","lot":"LT 2 BLK 32","acct":"0772040320002","m":true},"geometry":{"type":"Polygon","coordinates":[[[-95.43093,29.690077],[-95.430928,29.689939],[-95.430927,29.689877],[-95.430547,29.689882],[-95.430552,29.690083],[-95.43093,29.690077]]]}},{"type":"Feature","properties":{"a":"3032 Winslow St","k":"3032 WINSLOW","sec":"1","lot":"LT 8 BLK 27","acct":"0780230270008","m":true},"geometry":{"type":"Polygon","coordinates":[[[-95.424532,29.694781],[-95.424537,29.695113],[-95.424756,29.69511],[-95.424761,29.694773],[-95.424646,29.694775],[-95.424532,29.694781]]]}},{"type":"Feature","properties":{"a":"8419 Greenbush St","k":"8419 GREENBUSH","sec":"3","lot":"LT 3 BLK 8","acct":"0780240110003","m":true},"geometry":{"type":"Polygon","coordinates":[[[-95.42354,29.689573],[-95.423407,29.689741],[-95.423678,29.689906],[-95.423811,29.689739],[-95.42354,29.689573]]]}},{"type":"Feature","properties":{"a":"2911 Stanton St","k":"2911 STANTON","sec":"2","lot":"LT 4 BLK 32","acct":"0780240080004","m":true},"geometry":{"type":"Polygon","coordinates":[[[-95.422363,29.693126],[-95.422149,29.693128],[-95.42215,29.693429],[-95.422364,29.693428],[-95.422364,29.69322],[-95.422363,29.693126]]]}},{"type":"Feature","properties":{"a":"3018 Linkwood Dr","k":"3018 LINKWOOD","sec":"7","lot":"LT 34 BLK 9","acct":"0780240360034","m":true},"geometry":{"type":"Polygon","coordinates":[[[-95.42546,29.686934],[-95.425464,29.687209],[-95.425611,29.687207],[-95.425701,29.687206],[-95.4257,29.686932],[-95.42546,29.686934]]]}},{"type":"Feature","properties":{"a":"3014 Conway St","k":"3014 CONWAY","sec":"2","lot":"LT 12 BLK 26","acct":"0780240050012","m":true},"geometry":{"type":"Polygon","coordinates":[[[-95.423799,29.694135],[-95.423698,29.694176],[-95.423642,29.694199],[-95.423586,29.694221],[-95.423718,29.69449],[-95.423779,29.69447],[-95.423935,29.694418],[-95.423799,29.694135]]]}},{"type":"Feature","properties":{"a":"3422 Norris Dr","k":"3422 NORRIS","sec":"5","lot":"TRS 15A & 16 BLK 13","acct":"0780240260016","m":true},"geometry":{"type":"Polygon","coordinates":[[[-95.428581,29.687902],[-95.428683,29.687901],[-95.428786,29.687899],[-95.428776,29.687616],[-95.428573,29.68762],[-95.428581,29.687902]]]}},{"type":"Feature","properties":{"a":"3022 Winslow St","k":"3022 WINSLOW","sec":"1","lot":"LT 6 BLK 27","acct":"0780230270006","m":true},"geometry":{"type":"Polygon","coordinates":[[[-95.424065,29.694872],[-95.424168,29.695137],[-95.424322,29.695117],[-95.424346,29.695116],[-95.424284,29.694816],[-95.424174,29.694841],[-95.424065,29.694872]]]}},{"type":"Feature","properties":{"a":"2910 Prescott St","k":"2910 PRESCOTT","sec":"2","lot":"LT 17 BLK 32","acct":"0780240080017","m":true},"geometry":{"type":"Polygon","coordinates":[[[-95.422149,29.69281],[-95.422149,29.693128],[-95.422363,29.693126],[-95.422363,29.693032],[-95.422362,29.692807],[-95.422149,29.69281]]]}},{"type":"Feature","properties":{"a":"3519 Broadmead Dr","k":"3519 BROADMEAD","sec":"BT2","lot":"LT 5 BLK 31","acct":"0772040310005","m":true},"geometry":{"type":"Polygon","coordinates":[[[-95.43014,29.689333],[-95.430146,29.689611],[-95.430352,29.689608],[-95.430346,29.689331],[-95.43014,29.689333]]]}},{"type":"Feature","properties":{"a":"8515 Buffalo Speedway","k":"8515 BUFFALO SPEEDWAY","sec":"7","lot":"LT 18 BLK 19","acct":"0780240400018","m":true},"geometry":{"type":"Polygon","coordinates":[[[-95.426854,29.689102],[-95.426854,29.689376],[-95.427124,29.689373],[-95.427122,29.689101],[-95.427117,29.689101],[-95.426854,29.689102]]]}},{"type":"Feature","properties":{"a":"2810 Fairhope St","k":"2810 FAIRHOPE","sec":"9","lot":"LT 15 BLK 29","acct":"0813040000015","m":true},"geometry":{"type":"Polygon","coordinates":[[[-95.421166,29.69088],[-95.421188,29.690879],[-95.421418,29.690874],[-95.421423,29.690579],[-95.421171,29.690586],[-95.421166,29.69088]]]}},{"type":"Feature","properties":{"a":"2910 Conway St","k":"2910 CONWAY","sec":"8","lot":"TR 13A BLK 34","acct":"0803770000013","m":true},"geometry":{"type":"Polygon","coordinates":[[[-95.422399,29.694656],[-95.422398,29.694553],[-95.422395,29.69436],[-95.422206,29.694362],[-95.42221,29.694658],[-95.422399,29.694656]]]}},{"type":"Feature","properties":{"a":"8714 Bevlyn Dr","k":"8714 BEVLYN","sec":"BT2","lot":"LT 11 BLK 32","acct":"0772040320011","m":true},"geometry":{"type":"Polygon","coordinates":[[[-95.430497,29.688076],[-95.430503,29.688277],[-95.4309,29.688271],[-95.430897,29.68807],[-95.430497,29.688076]]]}},{"type":"Feature","properties":{"a":"3118 Broadmead Dr","k":"3118 BROADMEAD","sec":"7","lot":"LT 16 BLK 20","acct":"0780240410016","m":true},"geometry":{"type":"Polygon","coordinates":[[[-95.426856,29.690127],[-95.426855,29.689821],[-95.426633,29.689823],[-95.426635,29.69013],[-95.426717,29.690129],[-95.426856,29.690127]]]}},{"type":"Feature","properties":{"a":"8410 Hatton St","k":"8410 HATTON","sec":"4","lot":"LT 9 BLK 8","acct":"0780240200009","m":true},"geometry":{"type":"Polygon","coordinates":[[[-95.423124,29.690096],[-95.422859,29.689927],[-95.422738,29.690086],[-95.422998,29.690252],[-95.423009,29.690238],[-95.423124,29.690096]]]}},{"type":"Feature","properties":{"a":"3115 Norris Dr","k":"3115 NORRIS","sec":"7","lot":"LT 25 BLK 9","acct":"0780240360025","m":true},"geometry":{"type":"Polygon","coordinates":[[[-95.426379,29.687198],[-95.426381,29.687488],[-95.426608,29.687485],[-95.426604,29.687196],[-95.426379,29.687198]]]}},{"type":"Feature","properties":{"a":"2731 S Braeswood Blvd","k":"2731 S BRAESWOOD","sec":"8","lot":"TR 1 BLK 35","acct":"0803780000001","m":true},"geometry":{"type":"Polygon","coordinates":[[[-95.420216,29.694842],[-95.420221,29.694983],[-95.420228,29.695205],[-95.420487,29.695183],[-95.420502,29.695181],[-95.420515,29.695177],[-95.420528,29.69517],[-95.42054,29.695162],[-95.42055,29.695152],[-95.420558,29.695141],[-95.420565,29.695128],[-95.420569,29.695114],[-95.420572,29.6951],[-95.420568,29.694841],[-95.420216,29.694842]]]}},{"type":"Feature","properties":{"a":"3406 Norris Dr","k":"3406 NORRIS","sec":"5","lot":"LT 11 BLK 13","acct":"0780240260011","m":true},"geometry":{"type":"Polygon","coordinates":[[[-95.427639,29.687637],[-95.427646,29.687918],[-95.42785,29.687914],[-95.427843,29.687634],[-95.427639,29.687637]]]}},{"type":"Feature","properties":{"a":"2908 Linkwood Dr","k":"2908 LINKWOOD","sec":"7","lot":"LT 11 BLK 7","acct":"0780240350011","m":true},"geometry":{"type":"Polygon","coordinates":[[[-95.424339,29.687217],[-95.424333,29.686946],[-95.424101,29.68695],[-95.424106,29.687222],[-95.424261,29.687219],[-95.424339,29.687217]]]}},{"type":"Feature","properties":{"a":"3103 Broadmead Dr","k":"3103 BROADMEAD","sec":"7","lot":"LT 12 BLK 19","acct":"0780240400012","m":true},"geometry":{"type":"Polygon","coordinates":[[[-95.425748,29.689388],[-95.42575,29.689671],[-95.425972,29.689668],[-95.425972,29.689385],[-95.425748,29.689388]]]}},{"type":"Feature","properties":{"a":"3414 Gannett St","k":"3414 GANNETT","sec":"5","lot":"LT 13 BLK 14","acct":"0780240270013","m":true},"geometry":{"type":"Polygon","coordinates":[[[-95.428055,29.688356],[-95.42806,29.688633],[-95.428264,29.68863],[-95.428256,29.688353],[-95.428055,29.688356]]]}},{"type":"Feature","properties":{"a":"8526 Hatton St","k":"8526 HATTON","sec":"6","lot":"LT 15 BLK 9","acct":"0780240310015","m":true},"geometry":{"type":"Polygon","coordinates":[[[-95.42452,29.687839],[-95.424444,29.687935],[-95.424713,29.688099],[-95.424839,29.687941],[-95.424572,29.687778],[-95.42452,29.687839]]]}},{"type":"Feature","properties":{"a":"8319 Greenbush St","k":"8319 GREENBUSH","sec":"3","lot":"LT 8 BLK 29","acct":"0780240160008","m":true},"geometry":{"type":"Polygon","coordinates":[[[-95.422735,29.690591],[-95.422529,29.690859],[-95.422891,29.690923],[-95.422912,29.690884],[-95.422968,29.690801],[-95.423028,29.690721],[-95.422959,29.690681],[-95.422886,29.690646],[-95.422812,29.690616],[-95.422735,29.690591]]]}},{"type":"Feature","properties":{"a":"3518 Norris Dr","k":"3518 NORRIS","sec":"BT2","lot":"LT 6 BLK 34","acct":"0772040340006","m":true},"geometry":{"type":"Polygon","coordinates":[[[-95.43011,29.687591],[-95.430118,29.687871],[-95.430315,29.687866],[-95.430307,29.687588],[-95.43011,29.687591]]]}},{"type":"Feature","properties":{"a":"3114 Broadmead Dr","k":"3114 BROADMEAD","sec":"7","lot":"LT 15 BLK 20","acct":"0780240410015","m":true},"geometry":{"type":"Polygon","coordinates":[[[-95.426414,29.690132],[-95.426515,29.690131],[-95.426635,29.69013],[-95.426633,29.689823],[-95.426413,29.689826],[-95.426414,29.690132]]]}},{"type":"Feature","properties":{"a":"2902 Broadmead Dr","k":"2902 BROADMEAD","sec":"9","lot":"LT 15 BLK 4","acct":"0813020000015","m":true},"geometry":{"type":"Polygon","coordinates":[[[-95.422167,29.688205],[-95.422007,29.688396],[-95.422279,29.688561],[-95.422433,29.688365],[-95.422167,29.688205]]]}},{"type":"Feature","properties":{"a":"8510 Hatton St","k":"8510 HATTON","sec":"6","lot":"LT 11 BLK 9","acct":"0780240310011","m":true},"geometry":{"type":"Polygon","coordinates":[[[-95.423943,29.688563],[-95.424216,29.688726],[-95.424339,29.688572],[-95.424068,29.688407],[-95.423943,29.688563]]]}},{"type":"Feature","properties":{"a":"8446 Bluegate Dr","k":"8446 BLUEGATE","sec":"9","lot":"LT 26 BLK 6","acct":"0813030000026","m":true},"geometry":{"type":"Polygon","coordinates":[[[-95.422979,29.688977],[-95.423127,29.688784],[-95.42287,29.688627],[-95.422717,29.688816],[-95.422979,29.688977]]]}},{"type":"Feature","properties":{"a":"3431 Deal St","k":"3431 DEAL","sec":"5","lot":"LT 2 BLK 14","acct":"0780240270002","m":true},"geometry":{"type":"Polygon","coordinates":[[[-95.428887,29.688623],[-95.428894,29.688909],[-95.4291,29.688906],[-95.429094,29.68862],[-95.428887,29.688623]]]}},{"type":"Feature","properties":{"a":"3430 Gannett St","k":"3430 GANNETT","sec":"5","lot":"LT 17 BLK 14","acct":"0780240270017","m":true},"geometry":{"type":"Polygon","coordinates":[[[-95.428881,29.688344],[-95.428887,29.688623],[-95.429094,29.68862],[-95.429087,29.688341],[-95.428881,29.688344]]]}},{"type":"Feature","properties":{"a":"3111 Gannett St","k":"3111 GANNETT","sec":"7","lot":"LT 3 BLK 17","acct":"0780240380003","m":true},"geometry":{"type":"Polygon","coordinates":[[[-95.426164,29.687938],[-95.426168,29.688212],[-95.426392,29.68821],[-95.426387,29.687935],[-95.426164,29.687938]]]}},{"type":"Feature","properties":{"a":"2807 Stanton St","k":"2807 STANTON","sec":"8","lot":"LT 9 BLK 32","acct":"0803750000009","m":true},"geometry":{"type":"Polygon","coordinates":[[[-95.420947,29.693137],[-95.420948,29.693437],[-95.4212,29.693435],[-95.421199,29.693135],[-95.420947,29.693137]]]}},{"type":"Feature","properties":{"a":"2806 Prescott St","k":"2806 PRESCOTT","sec":"8","lot":"LT 12 BLK 32","acct":"0803750000012","m":true},"geometry":{"type":"Polygon","coordinates":[[[-95.420946,29.692826],[-95.420947,29.693137],[-95.421199,29.693135],[-95.421199,29.692822],[-95.420946,29.692826]]]}},{"type":"Feature","properties":{"a":"2810 Linkwood Dr","k":"2810 LINKWOOD","sec":"10","lot":"TR 10 BLK 3","acct":"0823100000010","m":true},"geometry":{"type":"Polygon","coordinates":[[[-95.422552,29.687705],[-95.422831,29.687873],[-95.422955,29.687713],[-95.422675,29.687546],[-95.422552,29.687705]]]}},{"type":"Feature","properties":{"a":"3018 Conway St","k":"3018 CONWAY","sec":"2","lot":"LT 13 BLK 26","acct":"0780240050013","m":true},"geometry":{"type":"Polygon","coordinates":[[[-95.42416,29.694371],[-95.424018,29.69406],[-95.423908,29.694095],[-95.423799,29.694135],[-95.423935,29.694418],[-95.42401,29.694393],[-95.42416,29.694371]]]}},{"type":"Feature","properties":{"a":"8422 Greenbush St","k":"8422 GREENBUSH","sec":"3","lot":"LT 5 BLK 20","acct":"0780240120005","m":true},"geometry":{"type":"Polygon","coordinates":[[[-95.424256,29.689468],[-95.424014,29.689772],[-95.424215,29.689904],[-95.424271,29.689941],[-95.424489,29.689612],[-95.424256,29.689468]]]}},{"type":"Feature","properties":{"a":"3011 Castlewood St","k":"3011 CASTLEWOOD","sec":"3","lot":"LT 2 BLK 20","acct":"0780240120002","m":true},"geometry":{"type":"Polygon","coordinates":[[[-95.424602,29.690102],[-95.424482,29.690043],[-95.424407,29.690006],[-95.424204,29.690254],[-95.424387,29.690364],[-95.424602,29.690102]]]}},{"type":"Feature","properties":{"a":"2815 Fairhope St","k":"2815 FAIRHOPE","sec":"9","lot":"LT 11 BLK 6","acct":"0813030000011","m":true},"geometry":{"type":"Polygon","coordinates":[[[-95.421427,29.690134],[-95.421436,29.690417],[-95.421699,29.690409],[-95.421695,29.690124],[-95.421565,29.690128],[-95.421427,29.690134]]]}},{"type":"Feature","properties":{"a":"3403 Norris Dr","k":"3403 NORRIS","sec":"5","lot":"LT 9 BLK 12","acct":"0780240250009","m":true},"geometry":{"type":"Polygon","coordinates":[[[-95.427413,29.687199],[-95.427418,29.687478],[-95.427634,29.687473],[-95.427632,29.687195],[-95.427413,29.687199]]]}},{"type":"Feature","properties":{"a":"3115 Deal St","k":"3115 DEAL","sec":"7","lot":"LT 9 BLK 18","acct":"0780240390009","m":true},"geometry":{"type":"Polygon","coordinates":[[[-95.42663,29.68865],[-95.426599,29.68865],[-95.426409,29.688653],[-95.426411,29.688941],[-95.426632,29.68894],[-95.42663,29.68865]]]}},{"type":"Feature","properties":{"a":"3007 Linkwood Dr","k":"3007 LINKWOOD","sec":"7","lot":"LT 11 BLK 10","acct":"0780240370011","m":true},"geometry":{"type":"Polygon","coordinates":[[[-95.42486,29.686485],[-95.424863,29.686779],[-95.425068,29.686776],[-95.425064,29.686478],[-95.42486,29.686485]]]}},{"type":"Feature","properties":{"a":"8002 Serenity Ct","k":"8002 SERENITY","sec":null,"lot":"LT 1 BLK 1","acct":"1328420010001","m":true},"geometry":{"type":"Polygon","coordinates":[[[-95.422186,29.69561],[-95.422387,29.695734],[-95.422411,29.695759],[-95.422407,29.69534],[-95.422129,29.695343],[-95.422132,29.695578],[-95.422186,29.69561]]]}},{"type":"Feature","properties":{"a":"8315 Lorrie Dr","k":"8315 LORRIE","sec":"9","lot":"LT 16 BLK 1","acct":"0813000000016","m":true},"geometry":{"type":"Polygon","coordinates":[[[-95.420088,29.690441],[-95.42009,29.690515],[-95.420093,29.690633],[-95.420435,29.690625],[-95.420429,29.690433],[-95.420088,29.690441]]]}},{"type":"Feature","properties":{"a":"8427 Lorrie Dr","k":"8427 LORRIE","sec":"9","lot":"LT 2 BLK 1","acct":"0813000000002","m":true},"geometry":{"type":"Polygon","coordinates":[[[-95.421373,29.68833],[-95.421676,29.688509],[-95.421822,29.688332],[-95.421515,29.68815],[-95.421373,29.68833]]]}},{"type":"Feature","properties":{"a":"3007 Norris Dr","k":"3007 NORRIS","sec":"7","lot":"LT 20 BLK 9","acct":"0780240360020","m":true},"geometry":{"type":"Polygon","coordinates":[[[-95.425371,29.687791],[-95.425418,29.687749],[-95.425468,29.68771],[-95.42552,29.687675],[-95.42528,29.687383],[-95.425145,29.687553],[-95.425098,29.687612],[-95.425371,29.687791]]]}},{"type":"Feature","properties":{"a":"3031 S Braeswood Blvd","k":"3031 S BRAESWOOD","sec":"1","lot":"LT 1 BLK 28","acct":"0780230280001","m":true},"geometry":{"type":"Polygon","coordinates":[[[-95.42454,29.695954],[-95.424544,29.696383],[-95.424671,29.696377],[-95.424797,29.696366],[-95.424783,29.695972],[-95.424559,29.695956],[-95.42454,29.695954]]]}},{"type":"Feature","properties":{"a":"2814 Chiswell St","k":"2814 CHISWELL","sec":"9","lot":"LT 16 BLK 30","acct":"0813050000016","m":true},"geometry":{"type":"Polygon","coordinates":[[[-95.42144,29.691326],[-95.421437,29.691619],[-95.421709,29.691614],[-95.421706,29.691321],[-95.42144,29.691326]]]}},{"type":"Feature","properties":{"a":"3014 Castlewood St","k":"3014 CASTLEWOOD","sec":"3","lot":"LT 10 BLK 21","acct":"0780240130010","m":true},"geometry":{"type":"Polygon","coordinates":[[[-95.424303,29.690512],[-95.424092,29.690779],[-95.424107,29.690788],[-95.424303,29.690905],[-95.424379,29.690926],[-95.424489,29.690609],[-95.424446,29.690593],[-95.424404,29.690572],[-95.424364,29.690549],[-95.424303,29.690512]]]}},{"type":"Feature","properties":{"a":"3515 Deal St","k":"3515 DEAL","sec":"BT2","lot":"LT 4 BLK 33","acct":"0772040330004","m":true},"geometry":{"type":"Polygon","coordinates":[[[-95.429917,29.68861],[-95.429924,29.688895],[-95.430128,29.688892],[-95.430123,29.688608],[-95.429917,29.68861]]]}},{"type":"Feature","properties":{"a":"3402 Norris Dr","k":"3402 NORRIS","sec":"5","lot":"LT 10 BLK 13","acct":"0780240260010","m":true},"geometry":{"type":"Polygon","coordinates":[[[-95.42742,29.687642],[-95.427424,29.687921],[-95.427646,29.687918],[-95.427639,29.687637],[-95.42742,29.687642]]]}},{"type":"Feature","properties":{"a":"3102 Linkwood Dr","k":"3102 LINKWOOD","sec":"7","lot":"LT 33 BLK 9","acct":"0780240360033","m":true},"geometry":{"type":"Polygon","coordinates":[[[-95.4257,29.686932],[-95.425701,29.687206],[-95.425919,29.687203],[-95.425921,29.68693],[-95.4257,29.686932]]]}},{"type":"Feature","properties":{"a":"3011 Conway St","k":"3011 CONWAY","sec":"2","lot":"LT 6 BLK 25","acct":"0780240040006","m":true},"geometry":{"type":"Polygon","coordinates":[[[-95.423629,29.694025],[-95.423671,29.694007],[-95.423522,29.693731],[-95.423447,29.693758],[-95.423323,29.693801],[-95.423458,29.694092],[-95.423544,29.69406],[-95.423629,29.694025]]]}},{"type":"Feature","properties":{"a":"3427 Broadmead Dr","k":"3427 BROADMEAD","sec":"5","lot":"TRS 3 & 4A BLK 15","acct":"0780240280003","m":true},"geometry":{"type":"Polygon","coordinates":[[[-95.428875,29.689348],[-95.428698,29.68935],[-95.428669,29.68935],[-95.428675,29.689633],[-95.428881,29.68963],[-95.428875,29.689348]]]}},{"type":"Feature","properties":{"a":"8411 Bluegate Ct","k":"8411 BLUEGATE","sec":"9","lot":"LT 10 BLK 1","acct":"0813000000010","m":true},"geometry":{"type":"Polygon","coordinates":[[[-95.420057,29.689179],[-95.420059,29.689254],[-95.420063,29.689426],[-95.420404,29.689356],[-95.4204,29.689321],[-95.420397,29.689168],[-95.420057,29.689179]]]}},{"type":"Feature","properties":{"a":"3110 Norris Dr","k":"3110 NORRIS","sec":"7","lot":"LT 10 BLK 17","acct":"0780240380010","m":true},"geometry":{"type":"Polygon","coordinates":[[[-95.42616,29.687653],[-95.426164,29.687938],[-95.426387,29.687935],[-95.426383,29.687651],[-95.42616,29.687653]]]}},{"type":"Feature","properties":{"a":"3102 Broadmead Dr","k":"3102 BROADMEAD","sec":"7","lot":"LT 12 BLK 20","acct":"0780240410012","m":true},"geometry":{"type":"Polygon","coordinates":[[[-95.425975,29.690136],[-95.425971,29.689833],[-95.425752,29.689836],[-95.425754,29.690139],[-95.42591,29.690137],[-95.425975,29.690136]]]}},{"type":"Feature","properties":{"a":"3418 Norris Dr","k":"3418 NORRIS","sec":"5","lot":"TRS 14A & 15 BLK 13","acct":"0780240260015","m":true},"geometry":{"type":"Polygon","coordinates":[[[-95.428377,29.687906],[-95.428479,29.687904],[-95.428581,29.687902],[-95.428573,29.68762],[-95.428369,29.687624],[-95.428377,29.687906]]]}},{"type":"Feature","properties":{"a":"2903 Chiswell St","k":"2903 CHISWELL","sec":"3","lot":"LT 4 BLK 29","acct":"0780240160004","m":true},"geometry":{"type":"Polygon","coordinates":[[[-95.421956,29.690859],[-95.421934,29.69086],[-95.421703,29.690867],[-95.421705,29.691153],[-95.421796,29.691152],[-95.421878,29.691153],[-95.421961,29.691151],[-95.421956,29.690859]]]}},{"type":"Feature","properties":{"a":"3419 Deal St","k":"3419 DEAL","sec":"5","lot":"TR 5 BLK 14","acct":"0780240270005","m":true},"geometry":{"type":"Polygon","coordinates":[[[-95.428264,29.68863],[-95.428278,29.688917],[-95.428479,29.688914],[-95.428472,29.688628],[-95.428264,29.68863]]]}},{"type":"Feature","properties":{"a":"2919 Fairhope St","k":"2919 FAIRHOPE","sec":"3","lot":"LT 7 BLK 8","acct":"0780240110007","m":true},"geometry":{"type":"Polygon","coordinates":[[[-95.423281,29.690404],[-95.423009,29.690238],[-95.422998,29.690252],[-95.422834,29.690453],[-95.422913,29.690478],[-95.42299,29.690508],[-95.423065,29.690544],[-95.423137,29.690585],[-95.423281,29.690404]]]}},{"type":"Feature","properties":{"a":"3006 Broadmead Dr","k":"3006 BROADMEAD","sec":"6","lot":"LT 6 BLK 20","acct":"0780240340006","m":true},"geometry":{"type":"Polygon","coordinates":[[[-95.424271,29.689941],[-95.424407,29.690006],[-95.424482,29.690043],[-95.424674,29.689711],[-95.424593,29.689672],[-95.424515,29.689628],[-95.424489,29.689612],[-95.424271,29.689941]]]}},{"type":"Feature","properties":{"a":"3019 Winslow St","k":"3019 WINSLOW","sec":"1","lot":"LT 4 BLK 26","acct":"0780230260004","m":true},"geometry":{"type":"Polygon","coordinates":[[[-95.424109,29.694686],[-95.42401,29.694393],[-95.423935,29.694418],[-95.423779,29.69447],[-95.423892,29.694755],[-95.424,29.694718],[-95.424109,29.694686]]]}},{"type":"Feature","properties":{"a":"2925 Broadmead Dr","k":"2925 BROADMEAD","sec":"7","lot":"LT 19 BLK 7","acct":"0780240350019","m":true},"geometry":{"type":"Polygon","coordinates":[[[-95.422978,29.688495],[-95.423248,29.688658],[-95.423395,29.688469],[-95.423125,29.688308],[-95.422978,29.688495]]]}},{"type":"Feature","properties":{"a":"8511 Hatton St","k":"8511 HATTON","sec":"6","lot":"LT 3 BLK 7","acct":"0780240300003","m":true},"geometry":{"type":"Polygon","coordinates":[[[-95.423652,29.688137],[-95.423533,29.68829],[-95.423518,29.688309],[-95.423785,29.68847],[-95.42392,29.688299],[-95.423652,29.688137]]]}},{"type":"Feature","properties":{"a":"8407 Bluegate Ct","k":"8407 BLUEGATE","sec":"9","lot":"LT 11 BLK 1","acct":"0813000000011","m":true},"geometry":{"type":"Polygon","coordinates":[[[-95.420063,29.689426],[-95.420072,29.689798],[-95.420502,29.689518],[-95.420474,29.689492],[-95.420449,29.689462],[-95.420429,29.689429],[-95.420414,29.689393],[-95.420404,29.689356],[-95.420063,29.689426]]]}},{"type":"Feature","properties":{"a":"3018 Deal St","k":"3018 DEAL","sec":"6","lot":"LT 5 & TR 4A BLK 19","acct":"0780240330005","m":true},"geometry":{"type":"Polygon","coordinates":[[[-95.425255,29.689042],[-95.425114,29.689321],[-95.425127,29.689326],[-95.425302,29.689392],[-95.425428,29.689391],[-95.425504,29.689108],[-95.425424,29.689094],[-95.425345,29.689074],[-95.425268,29.689048],[-95.425255,29.689042]]]}},{"type":"Feature","properties":{"a":"8418 Lorrie Dr","k":"8418 LORRIE","sec":"9","lot":"LT 12 BLK 4","acct":"0813020000012","m":true},"geometry":{"type":"Polygon","coordinates":[[[-95.421889,29.689056],[-95.421902,29.68904],[-95.422016,29.688896],[-95.421736,29.688723],[-95.421607,29.688878],[-95.421889,29.689056]]]}},{"type":"Feature","properties":{"a":"8502 Greenbush St","k":"8502 GREENBUSH","sec":"4","lot":"LT 1 BLK 19","acct":"0780240220001","m":true},"geometry":{"type":"Polygon","coordinates":[[[-95.424517,29.689141],[-95.424363,29.689331],[-95.424584,29.689468],[-95.424616,29.689488],[-95.424775,29.689293],[-95.424517,29.689141]]]}},{"type":"Feature","properties":{"a":"2806 Chiswell St","k":"2806 CHISWELL","sec":"9","lot":"LT 14 BLK 30","acct":"0813050000014","m":true},"geometry":{"type":"Polygon","coordinates":[[[-95.421188,29.691331],[-95.420921,29.691336],[-95.420918,29.691628],[-95.420933,29.691627],[-95.421186,29.691624],[-95.421188,29.691331]]]}},{"type":"Feature","properties":{"a":"3418 Gannett St","k":"3418 GANNETT","sec":"5","lot":"LT 14 BLK 14","acct":"0780240270014","m":true},"geometry":{"type":"Polygon","coordinates":[[[-95.428256,29.688353],[-95.428264,29.68863],[-95.428472,29.688628],[-95.428466,29.68835],[-95.428256,29.688353]]]}},{"type":"Feature","properties":{"a":"2803 Ashwood St","k":"2803 ASHWOOD","sec":"9","lot":"LT 12 BLK 30","acct":"0813050000012","m":true},"geometry":{"type":"Polygon","coordinates":[[[-95.420932,29.691917],[-95.420933,29.691627],[-95.420918,29.691628],[-95.420647,29.69163],[-95.420653,29.691919],[-95.420932,29.691917]]]}},{"type":"Feature","properties":{"a":"3026 Tilden St","k":"3026 TILDEN","sec":"1","lot":"LT 17 BLK 28","acct":"0780230280017","m":true},"geometry":{"type":"Polygon","coordinates":[[[-95.424559,29.695956],[-95.424783,29.695972],[-95.424769,29.695602],[-95.424549,29.695604],[-95.424559,29.695956]]]}},{"type":"Feature","properties":{"a":"3422 Deal St","k":"3422 DEAL","sec":"5","lot":"LT 15 BLK 15","acct":"0780240280015","m":true},"geometry":{"type":"Polygon","coordinates":[[[-95.428695,29.689075],[-95.428489,29.689078],[-95.428493,29.689353],[-95.428669,29.68935],[-95.428698,29.68935],[-95.428695,29.689075]]]}},{"type":"Feature","properties":{"a":"2911 Prescott St","k":"2911 PRESCOTT","sec":"2","lot":"LT 2 BLK 31","acct":"0780240070002","m":true},"geometry":{"type":"Polygon","coordinates":[[[-95.422174,29.692368],[-95.422177,29.692648],[-95.422405,29.692645],[-95.422403,29.692365],[-95.422174,29.692368]]]}},{"type":"Feature","properties":{"a":"8530 Hatton St","k":"8530 HATTON","sec":"6","lot":"LT 16 BLK 9","acct":"0780240310016","m":true},"geometry":{"type":"Polygon","coordinates":[[[-95.424572,29.687778],[-95.424839,29.687941],[-95.424964,29.687783],[-95.424677,29.687608],[-95.424646,29.687667],[-95.424611,29.687724],[-95.424572,29.687778]]]}},{"type":"Feature","properties":{"a":"8407 Greenbush St","k":"8407 GREENBUSH","sec":"3","lot":"LT 6 BLK 8","acct":"0780240110006","m":true},"geometry":{"type":"Polygon","coordinates":[[[-95.42314,29.690075],[-95.423124,29.690096],[-95.423009,29.690238],[-95.423281,29.690404],[-95.423412,29.69024],[-95.42314,29.690075]]]}},{"type":"Feature","properties":{"a":"3510 Deal St","k":"3510 DEAL","sec":"BT2","lot":"LT 8 BLK 31","acct":"0772040310008","m":true},"geometry":{"type":"Polygon","coordinates":[[[-95.429722,29.689061],[-95.429727,29.689337],[-95.429932,29.689335],[-95.429925,29.689058],[-95.429722,29.689061]]]}},{"type":"Feature","properties":{"a":"2807 Conway St","k":"2807 CONWAY","sec":"8","lot":"LT 6 BLK 33","acct":"0803760000006","m":true},"geometry":{"type":"Polygon","coordinates":[[[-95.421234,29.693909],[-95.421191,29.693909],[-95.420984,29.693911],[-95.420991,29.694207],[-95.421242,29.694204],[-95.421234,29.693909]]]}},{"type":"Feature","properties":{"a":"8011 Greenbush St","k":"8011 GREENBUSH","sec":"2","lot":"LT 5 BLK 36","acct":"0780240100005","m":true},"geometry":{"type":"Polygon","coordinates":[[[-95.422398,29.694553],[-95.422725,29.69455],[-95.422723,29.694357],[-95.422395,29.69436],[-95.422398,29.694553]]]}},{"type":"Feature","properties":{"a":"2815 Ashwood St","k":"2815 ASHWOOD","sec":"9","lot":"LT 9 & TR 10A BLK 30","acct":"0813050000009","m":true},"geometry":{"type":"Polygon","coordinates":[[[-95.421437,29.691619],[-95.421426,29.691913],[-95.421711,29.691909],[-95.421709,29.691614],[-95.421437,29.691619]]]}},{"type":"Feature","properties":{"a":"3027 Prescott St","k":"3027 PRESCOTT","sec":"2","lot":"LT 2 BLK 22","acct":"0780240010002","m":true},"geometry":{"type":"Polygon","coordinates":[[[-95.424466,29.691805],[-95.424441,29.691806],[-95.424182,29.691811],[-95.424207,29.691982],[-95.424235,29.692169],[-95.424354,29.692152],[-95.424474,29.692139],[-95.424466,29.691805]]]}},{"type":"Feature","properties":{"a":"2907 Stanton St","k":"2907 STANTON","sec":"2","lot":"LT 5 BLK 32","acct":"0780240080005","m":true},"geometry":{"type":"Polygon","coordinates":[[[-95.421934,29.693129],[-95.421935,29.693431],[-95.42215,29.693429],[-95.422149,29.693128],[-95.421934,29.693129]]]}},{"type":"Feature","properties":{"a":"8123 Lorrie Dr","k":"8123 LORRIE","sec":"8","lot":"LT 10 BLK 35","acct":"0803780000010","m":true},"geometry":{"type":"Polygon","coordinates":[[[-95.420155,29.693011],[-95.420161,29.693185],[-95.420161,29.693204],[-95.420515,29.693205],[-95.420509,29.693012],[-95.420155,29.693011]]]}},{"type":"Feature","properties":{"a":"2806 Conway St","k":"2806 CONWAY","sec":"8","lot":"LT 8 BLK 34","acct":"0803770000008","m":true},"geometry":{"type":"Polygon","coordinates":[[[-95.420996,29.694373],[-95.421,29.694744],[-95.421252,29.694742],[-95.421248,29.69437],[-95.420996,29.694373]]]}},{"type":"Feature","properties":{"a":"8014 Serenity Ct","k":"8014 SERENITY","sec":null,"lot":"LT 4 BLK 1","acct":"1328420010004","m":true},"geometry":{"type":"Polygon","coordinates":[[[-95.422399,29.694656],[-95.42221,29.694658],[-95.422189,29.694659],[-95.422192,29.694894],[-95.422237,29.694893],[-95.422238,29.694948],[-95.422402,29.694947],[-95.422402,29.694937],[-95.4224,29.694745],[-95.422399,29.694656]]]}},{"type":"Feature","properties":{"a":"8447 Bluegate St","k":"8447 BLUEGATE","sec":"9","lot":"LT 1 BLK 4","acct":"0813020000001","m":true},"geometry":{"type":"Polygon","coordinates":[[[-95.422279,29.688561],[-95.422558,29.688729],[-95.422713,29.688535],[-95.422433,29.688365],[-95.422279,29.688561]]]}},{"type":"Feature","properties":{"a":"3011 S Braeswood Blvd","k":"3011 S BRAESWOOD","sec":"1","lot":"LT 6 BLK 28","acct":"0780230280006","m":true},"geometry":{"type":"Polygon","coordinates":[[[-95.423456,29.695735],[-95.423299,29.696182],[-95.423425,29.69622],[-95.423552,29.696253],[-95.423658,29.695816],[-95.423456,29.695735]]]}},{"type":"Feature","properties":{"a":"3407 Linkwood Dr","k":"3407 LINKWOOD","sec":"5","lot":"LT 8 BLK 11","acct":"0780240240008","m":true},"geometry":{"type":"Polygon","coordinates":[[[-95.427626,29.686741],[-95.427827,29.686738],[-95.427816,29.686437],[-95.427774,29.686437],[-95.42761,29.686439],[-95.427626,29.686741]]]}},{"type":"Feature","properties":{"a":"8318 Greenbush St","k":"8318 GREENBUSH","sec":"3","lot":"LT 13 BLK 23","acct":"0780240150013","m":true},"geometry":{"type":"Polygon","coordinates":[[[-95.42301,29.691117],[-95.423214,29.691225],[-95.423417,29.690961],[-95.423186,29.690821],[-95.423122,29.690917],[-95.423064,29.691015],[-95.42301,29.691117]]]}},{"type":"Feature","properties":{"a":"3111 Broadmead Dr","k":"3111 BROADMEAD","sec":"7","lot":"LT 14 BLK 19","acct":"0780240400014","m":true},"geometry":{"type":"Polygon","coordinates":[[[-95.426193,29.689383],[-95.426193,29.689664],[-95.426412,29.689661],[-95.426412,29.689381],[-95.426193,29.689383]]]}},{"type":"Feature","properties":{"a":"8439 Bluegate St","k":"8439 BLUEGATE","sec":"9","lot":"LT 3 BLK 4","acct":"0813020000003","m":true},"geometry":{"type":"Polygon","coordinates":[[[-95.4223,29.689049],[-95.422431,29.688886],[-95.422155,29.688719],[-95.422026,29.688883],[-95.4223,29.689049]]]}},{"type":"Feature","properties":{"a":"3006 Stanton St","k":"3006 STANTON","sec":"2","lot":"LT 10 BLK 25","acct":"0780240040010","m":true},"geometry":{"type":"Polygon","coordinates":[[[-95.423119,29.693544],[-95.423203,29.693844],[-95.423323,29.693801],[-95.423447,29.693758],[-95.423334,29.693478],[-95.423264,29.693504],[-95.423192,29.693526],[-95.423119,29.693544]]]}},{"type":"Feature","properties":{"a":"3410 Norris Dr","k":"3410 NORRIS","sec":"5","lot":"LT 12 BLK 13","acct":"0780240260012","m":true},"geometry":{"type":"Polygon","coordinates":[[[-95.427843,29.687634],[-95.42785,29.687914],[-95.428073,29.687911],[-95.428066,29.687629],[-95.427843,29.687634]]]}},{"type":"Feature","properties":{"a":"3019 Fairhope St","k":"3019 FAIRHOPE","sec":"3","lot":"LT 2 BLK 21","acct":"0780240130002","m":true},"geometry":{"type":"Polygon","coordinates":[[[-95.424303,29.690905],[-95.424092,29.69117],[-95.424166,29.691207],[-95.424242,29.691238],[-95.42432,29.691262],[-95.424401,29.691278],[-95.424493,29.690956],[-95.424379,29.690926],[-95.424303,29.690905]]]}},{"type":"Feature","properties":{"a":"8219 Lorrie Dr","k":"8219 LORRIE","sec":"9","lot":"LT 23 BLK 1","acct":"0813000000023","m":true},"geometry":{"type":"Polygon","coordinates":[[[-95.420121,29.691788],[-95.420122,29.691832],[-95.420126,29.692006],[-95.420126,29.692008],[-95.420481,29.692],[-95.420479,29.691915],[-95.420474,29.691779],[-95.420121,29.691788]]]}},{"type":"Feature","properties":{"a":"3023 Linkwood Dr","k":"3023 LINKWOOD","sec":"7","lot":"LT 7 BLK 10","acct":"0780240370007","m":true},"geometry":{"type":"Polygon","coordinates":[[[-95.425845,29.686458],[-95.425741,29.686458],[-95.425656,29.686459],[-95.425664,29.68677],[-95.425851,29.686767],[-95.425845,29.686458]]]}},{"type":"Feature","properties":{"a":"8515 Greenbush St","k":"8515 GREENBUSH","sec":"6","lot":"LT 6 BLK 9","acct":"0780240310006","m":true},"geometry":{"type":"Polygon","coordinates":[[[-95.424339,29.688572],[-95.424609,29.688737],[-95.424734,29.688578],[-95.424464,29.688414],[-95.424339,29.688572]]]}},{"type":"Feature","properties":{"a":"2811 Fairhope St","k":"2811 FAIRHOPE","sec":"9","lot":"LT 12 BLK 6","acct":"0813030000012","m":true},"geometry":{"type":"Polygon","coordinates":[[[-95.421427,29.690134],[-95.421327,29.690137],[-95.421176,29.690143],[-95.421183,29.690424],[-95.421436,29.690417],[-95.421427,29.690134]]]}},{"type":"Feature","properties":{"a":"3515 Norris Dr","k":"3515 NORRIS","sec":"BT2","lot":"LT 4 BLK 35","acct":"0772040350004","m":true},"geometry":{"type":"Polygon","coordinates":[[[-95.429891,29.687158],[-95.429898,29.687431],[-95.430105,29.687427],[-95.430097,29.687155],[-95.429891,29.687158]]]}},{"type":"Feature","properties":{"a":"3015 Linkwood Dr","k":"3015 LINKWOOD","sec":"7","lot":"LT 9 BLK 10","acct":"0780240370009","m":true},"geometry":{"type":"Polygon","coordinates":[[[-95.425249,29.686472],[-95.425255,29.686774],[-95.425459,29.686772],[-95.425453,29.686466],[-95.425249,29.686472]]]}},{"type":"Feature","properties":{"a":"3106 Linkwood Dr","k":"3106 LINKWOOD","sec":"7","lot":"LT 32 BLK 9","acct":"0780240360032","m":true},"geometry":{"type":"Polygon","coordinates":[[[-95.426158,29.686928],[-95.425921,29.68693],[-95.425919,29.687203],[-95.425948,29.687203],[-95.426158,29.687201],[-95.426158,29.686928]]]}},{"type":"Feature","properties":{"a":"8518 Bluegate St","k":"8518 BLUEGATE","sec":"7","lot":"LT 15 & TR 16A BLK 7","acct":"0780240350015","m":true},"geometry":{"type":"Polygon","coordinates":[[[-95.423959,29.687743],[-95.423681,29.687585],[-95.423534,29.687783],[-95.423808,29.687937],[-95.423899,29.687821],[-95.423959,29.687743]]]}},{"type":"Feature","properties":{"a":"8007 Greenbush St","k":"8007 GREENBUSH","sec":"2","lot":"LT 6 BLK 36","acct":"0780240100006","m":true},"geometry":{"type":"Polygon","coordinates":[[[-95.422398,29.694553],[-95.422399,29.694656],[-95.4224,29.694745],[-95.422727,29.694742],[-95.422726,29.694634],[-95.422725,29.69455],[-95.422398,29.694553]]]}},{"type":"Feature","properties":{"a":"3514 Norris Dr","k":"3514 NORRIS","sec":"BT2","lot":"LT 7 BLK 34","acct":"0772040340007","m":true},"geometry":{"type":"Polygon","coordinates":[[[-95.429901,29.687595],[-95.429911,29.687876],[-95.430118,29.687871],[-95.43011,29.687591],[-95.429901,29.687595]]]}},{"type":"Feature","properties":{"a":"2911 Conway St","k":"2911 CONWAY","sec":"8","lot":"LT 1 BLK 33","acct":"0803760000001","m":true},"geometry":{"type":"Polygon","coordinates":[[[-95.422173,29.693903],[-95.422179,29.694195],[-95.422394,29.694193],[-95.422393,29.693984],[-95.422393,29.693901],[-95.422173,29.693903]]]}},{"type":"Feature","properties":{"a":"3003 Linkwood Dr","k":"3003 LINKWOOD","sec":"7","lot":"LT 12 BLK 10","acct":"0780240370012","m":true},"geometry":{"type":"Polygon","coordinates":[[[-95.424657,29.686492],[-95.424661,29.686781],[-95.424863,29.686779],[-95.42486,29.686485],[-95.424657,29.686492]]]}},{"type":"Feature","properties":{"a":"3011 Winslow St","k":"3011 WINSLOW","sec":"1","lot":"LT 6 BLK 26","acct":"0780230260006","m":true},"geometry":{"type":"Polygon","coordinates":[[[-95.423564,29.694542],[-95.423463,29.694575],[-95.423366,29.694606],[-95.423431,29.694889],[-95.423556,29.694862],[-95.42368,29.694828],[-95.423564,29.694542]]]}},{"type":"Feature","properties":{"a":"8514 Hatton St","k":"8514 HATTON","sec":"6","lot":"LT 12 BLK 9","acct":"0780240310012","m":true},"geometry":{"type":"Polygon","coordinates":[[[-95.424068,29.688407],[-95.424339,29.688572],[-95.424464,29.688414],[-95.424193,29.68825],[-95.424068,29.688407]]]}},{"type":"Feature","properties":{"a":"3023 Stanton St","k":"3023 STANTON","sec":"2","lot":"LT 3 BLK 24","acct":"0780240030003","m":true},"geometry":{"type":"Polygon","coordinates":[[[-95.424293,29.692991],[-95.424233,29.692682],[-95.424106,29.692696],[-95.423989,29.692737],[-95.424077,29.693034],[-95.424185,29.693011],[-95.424293,29.692991]]]}},{"type":"Feature","properties":{"a":"3107 Linkwood Dr","k":"3107 LINKWOOD","sec":"7","lot":"LT 5 BLK 10","acct":"0780240370005","m":true},"geometry":{"type":"Polygon","coordinates":[[[-95.426256,29.686456],[-95.426175,29.686456],[-95.426049,29.686457],[-95.426057,29.686765],[-95.426264,29.686763],[-95.426256,29.686456]]]}},{"type":"Feature","properties":{"a":"8310 Greenbush St","k":"8310 GREENBUSH","sec":"3","lot":"LT 11 BLK 23","acct":"0780240150011","m":true},"geometry":{"type":"Polygon","coordinates":[[[-95.422875,29.691573],[-95.423233,29.691587],[-95.423284,29.691437],[-95.422918,29.691334],[-95.422893,29.691453],[-95.422875,29.691573]]]}},{"type":"Feature","properties":{"a":"2931 S Braeswood Blvd","k":"2931 S BRAESWOOD","sec":"1","lot":"LT 10 BLK 36","acct":"0780230360010","m":true},"geometry":{"type":"Polygon","coordinates":[[[-95.422407,29.69533],[-95.422407,29.69534],[-95.422411,29.695759],[-95.42252,29.695822],[-95.422535,29.695823],[-95.42255,29.69582],[-95.422565,29.695816],[-95.422578,29.695809],[-95.422591,29.695801],[-95.422601,29.69579],[-95.422611,29.695779],[-95.422644,29.695719],[-95.422672,29.695658],[-95.422695,29.695594],[-95.422713,29.695529],[-95.422725,29.695462],[-95.422732,29.695395],[-95.422734,29.695327],[-95.422407,29.69533]]]}},{"type":"Feature","properties":{"a":"3022 Tilden St","k":"3022 TILDEN","sec":"1","lot":"LT 16 BLK 28","acct":"0780230280016","m":true},"geometry":{"type":"Polygon","coordinates":[[[-95.424559,29.695956],[-95.424549,29.695604],[-95.424328,29.695607],[-95.424339,29.695939],[-95.42454,29.695954],[-95.424559,29.695956]]]}},{"type":"Feature","properties":{"a":"3411 Broadmead Dr","k":"3411 BROADMEAD","sec":"5","lot":"TRS 6 & 7A BLK 15","acct":"0780240280006","m":true},"geometry":{"type":"Polygon","coordinates":[[[-95.427996,29.689359],[-95.428003,29.689643],[-95.428233,29.689639],[-95.428225,29.689356],[-95.428068,29.689358],[-95.427996,29.689359]]]}},{"type":"Feature","properties":{"a":"3514 Broadmead Dr","k":"3514 BROADMEAD","sec":"BT2","lot":"LT 16 BLK 29","acct":"0772040290016","m":true},"geometry":{"type":"Polygon","coordinates":[[[-95.429953,29.689777],[-95.429965,29.690098],[-95.430016,29.690097],[-95.430176,29.690095],[-95.430168,29.689774],[-95.429953,29.689777]]]}},{"type":"Feature","properties":{"a":"3031 Stanton St","k":"3031 STANTON","sec":"2","lot":"LT 1 BLK 24","acct":"0780240030001","m":true},"geometry":{"type":"Polygon","coordinates":[[[-95.424729,29.692627],[-95.424513,29.692651],[-95.424493,29.692653],[-95.424511,29.692961],[-95.424732,29.69296],[-95.424729,29.692627]]]}},{"type":"Feature","properties":{"a":"3011 Deal St","k":"3011 DEAL","sec":"6","lot":"LT 4 BLK 18","acct":"0780240320004","m":true},"geometry":{"type":"Polygon","coordinates":[[[-95.425166,29.688814],[-95.42528,29.68887],[-95.425338,29.688895],[-95.425397,29.688916],[-95.425457,29.688932],[-95.425542,29.688593],[-95.42538,29.688537],[-95.425315,29.688622],[-95.425166,29.688814]]]}},{"type":"Feature","properties":{"a":"2911 Linkwood Dr","k":"2911 LINKWOOD","sec":"7","lot":"LT 14 BLK 10","acct":"0780240370014","m":true},"geometry":{"type":"Polygon","coordinates":[[[-95.424266,29.686496],[-95.424266,29.686785],[-95.424473,29.686783],[-95.424469,29.686494],[-95.424266,29.686496]]]}},{"type":"Feature","properties":{"a":"3506 Deal St","k":"3506 DEAL","sec":"BT2","lot":"LT 9 BLK 31","acct":"0772040310009","m":true},"geometry":{"type":"Polygon","coordinates":[[[-95.429514,29.689064],[-95.429521,29.68934],[-95.429727,29.689337],[-95.429722,29.689061],[-95.429514,29.689064]]]}},{"type":"Feature","properties":{"a":"3017 Tilden St","k":"3017 TILDEN","sec":"1","lot":"LT 3 BLK 27","acct":"0780230270003","m":true},"geometry":{"type":"Polygon","coordinates":[[[-95.424322,29.695117],[-95.424168,29.695137],[-95.423997,29.695232],[-95.423832,29.695324],[-95.423885,29.695357],[-95.423942,29.695386],[-95.424001,29.695409],[-95.424062,29.695427],[-95.424124,29.695439],[-95.424188,29.695445],[-95.424251,29.695445],[-95.424315,29.695445],[-95.424322,29.695117]]]}},{"type":"Feature","properties":{"a":"2906 Fairhope St","k":"2906 FAIRHOPE","sec":"4","lot":"LT 7A BLK 29","acct":"0780240230008","m":true},"geometry":{"type":"Polygon","coordinates":[[[-95.422269,29.690557],[-95.422156,29.690559],[-95.422159,29.690854],[-95.422215,29.690855],[-95.422372,29.690857],[-95.422373,29.690548],[-95.422321,29.690551],[-95.422269,29.690557]]]}},{"type":"Feature","properties":{"a":"3411 Deal St","k":"3411 DEAL","sec":"5","lot":"LT 7 & TR 8A BLK 14","acct":"0780240270007","m":true},"geometry":{"type":"Polygon","coordinates":[[[-95.42806,29.688633],[-95.427849,29.688636],[-95.427834,29.688636],[-95.427841,29.688923],[-95.428065,29.68892],[-95.42806,29.688633]]]}},{"type":"Feature","properties":{"a":"3510 Broadmead Dr","k":"3510 BROADMEAD","sec":"BT2","lot":"LT 17 BLK 29","acct":"0772040290017","m":true},"geometry":{"type":"Polygon","coordinates":[[[-95.429739,29.68978],[-95.429754,29.6901],[-95.429965,29.690098],[-95.429953,29.689777],[-95.429739,29.68978]]]}},{"type":"Feature","properties":{"a":"3102 Norris Dr","k":"3102 NORRIS","sec":"7","lot":"LT 1 BLK 17","acct":"0780240380001","m":true},"geometry":{"type":"Polygon","coordinates":[[[-95.425953,29.687941],[-95.425834,29.687709],[-95.425769,29.687734],[-95.425706,29.687764],[-95.425646,29.687799],[-95.425588,29.687839],[-95.425534,29.687882],[-95.425483,29.68793],[-95.425437,29.687982],[-95.425448,29.68799],[-95.425458,29.688],[-95.425532,29.688048],[-95.425609,29.68809],[-95.42569,29.688127],[-95.425773,29.688157],[-95.425858,29.68818],[-95.425953,29.687941]]]}},{"type":"Feature","properties":{"a":"8107 Lorrie Dr","k":"8107 LORRIE","sec":"8","lot":"LT 6 BLK 35","acct":"0803780000006","m":true},"geometry":{"type":"Polygon","coordinates":[[[-95.420184,29.693812],[-95.42019,29.694006],[-95.420545,29.694001],[-95.420534,29.693809],[-95.420184,29.693812]]]}},{"type":"Feature","properties":{"a":"8103 Greenbush St","k":"8103 GREENBUSH","sec":"2","lot":"TR 3 BLK 36","acct":"0780240100003","m":true},"geometry":{"type":"Polygon","coordinates":[[[-95.422705,29.693983],[-95.422393,29.693984],[-95.422394,29.694193],[-95.422708,29.69419],[-95.422705,29.693983]]]}},{"type":"Feature","properties":{"a":"3123 Deal St","k":"3123 DEAL","sec":"7","lot":"LT 11 BLK 18","acct":"0780240390011","m":true},"geometry":{"type":"Polygon","coordinates":[[[-95.426851,29.688648],[-95.426851,29.68894],[-95.427121,29.688939],[-95.427118,29.688645],[-95.426851,29.688648]]]}},{"type":"Feature","properties":{"a":"2806 Fairhope St","k":"2806 FAIRHOPE","sec":"9","lot":"LT 14 BLK 29","acct":"0813040000014","m":true},"geometry":{"type":"Polygon","coordinates":[[[-95.42092,29.690594],[-95.420922,29.690885],[-95.421166,29.69088],[-95.421171,29.690586],[-95.42092,29.690594]]]}},{"type":"Feature","properties":{"a":"3407 Broadmead Dr","k":"3407 BROADMEAD","sec":"5","lot":"TRS 7 & 8A BLK 15","acct":"0780240280007","m":true},"geometry":{"type":"Polygon","coordinates":[[[-95.427996,29.689359],[-95.427853,29.689361],[-95.427775,29.689362],[-95.427783,29.689646],[-95.428003,29.689643],[-95.427996,29.689359]]]}},{"type":"Feature","properties":{"a":"3015 Fairhope St","k":"3015 FAIRHOPE","sec":"3","lot":"LT 3 BLK 21","acct":"0780240130003","m":true},"geometry":{"type":"Polygon","coordinates":[[[-95.423899,29.691052],[-95.424017,29.691123],[-95.424054,29.691148],[-95.424092,29.69117],[-95.424303,29.690905],[-95.424107,29.690788],[-95.423899,29.691052]]]}},{"type":"Feature","properties":{"a":"8602 Bevlyn Dr","k":"8602 BEVLYN","sec":"BT2","lot":"LT 4 BLK 32","acct":"0772040320004","m":true},"geometry":{"type":"Polygon","coordinates":[[[-95.430923,29.689676],[-95.430921,29.68954],[-95.43092,29.689475],[-95.430536,29.689481],[-95.430541,29.689681],[-95.430923,29.689676]]]}},{"type":"Feature","properties":{"a":"8115 Greenbush St","k":"8115 GREENBUSH","sec":"2","lot":"LT 3 BLK 32A","acct":"0780240090003","m":true},"geometry":{"type":"Polygon","coordinates":[[[-95.422695,29.693217],[-95.422364,29.69322],[-95.422364,29.693428],[-95.422697,29.693426],[-95.422695,29.693217]]]}},{"type":"Feature","properties":{"a":"3110 Gannett St","k":"3110 GANNETT","sec":"7","lot":"LT 15 BLK 18","acct":"0780240390015","m":true},"geometry":{"type":"Polygon","coordinates":[[[-95.426346,29.688653],[-95.426343,29.688375],[-95.426089,29.688378],[-95.426094,29.688656],[-95.426189,29.688655],[-95.426346,29.688653]]]}},{"type":"Feature","properties":{"a":"3431 Linkwood Dr","k":"3431 LINKWOOD","sec":"5","lot":"LT 2 BLK 11","acct":"0780240240002","m":true},"geometry":{"type":"Polygon","coordinates":[[[-95.42905,29.686718],[-95.429049,29.686419],[-95.428914,29.686421],[-95.428826,29.686422],[-95.428845,29.686721],[-95.42905,29.686718]]]}},{"type":"Feature","properties":{"a":"2910 Chiswell St","k":"2910 CHISWELL","sec":null,"lot":"LT 7 BLK 30","acct":"0780240170007","m":true},"geometry":{"type":"Polygon","coordinates":[[[-95.422421,29.691606],[-95.422418,29.691253],[-95.422357,29.691263],[-95.422296,29.691275],[-95.42228,29.69128],[-95.422178,29.691297],[-95.422184,29.691608],[-95.42217,29.691608],[-95.422169,29.6919],[-95.422399,29.691895],[-95.422399,29.691606],[-95.422421,29.691606]]]}},{"type":"Feature","properties":{"a":"3110 Linkwood Dr","k":"3110 LINKWOOD","sec":"7","lot":"LT 31 BLK 9","acct":"0780240360031","m":true},"geometry":{"type":"Polygon","coordinates":[[[-95.426158,29.686928],[-95.426158,29.687201],[-95.426379,29.687198],[-95.426377,29.686925],[-95.426158,29.686928]]]}},{"type":"Feature","properties":{"a":"3115 Gannett St","k":"3115 GANNETT","sec":"7","lot":"LT 4 BLK 17","acct":"0780240380004","m":true},"geometry":{"type":"Polygon","coordinates":[[[-95.426387,29.687935],[-95.426392,29.68821],[-95.426615,29.688208],[-95.42661,29.687931],[-95.426387,29.687935]]]}},{"type":"Feature","properties":{"a":"3519 Norris Dr","k":"3519 NORRIS","sec":"BT2","lot":"LT 5 BLK 35","acct":"0772040350005","m":true},"geometry":{"type":"Polygon","coordinates":[[[-95.430097,29.687155],[-95.430105,29.687427],[-95.430305,29.687423],[-95.430295,29.687153],[-95.430097,29.687155]]]}},{"type":"Feature","properties":{"a":"3402 Linkwood Dr","k":"3402 LINKWOOD","sec":"5","lot":"LT 10 BLK 12","acct":"0780240250010","m":true},"geometry":{"type":"Polygon","coordinates":[[[-95.427407,29.686909],[-95.427413,29.687199],[-95.427632,29.687195],[-95.427625,29.686905],[-95.427407,29.686909]]]}},{"type":"Feature","properties":{"a":"8542 Hatton St","k":"8542 HATTON","sec":"7","lot":"LT 37 BLK 9","acct":"0780240360037","m":true},"geometry":{"type":"Polygon","coordinates":[[[-95.425023,29.686938],[-95.424764,29.68694],[-95.42477,29.687196],[-95.424768,29.687217],[-95.425027,29.687214],[-95.425023,29.686938]]]}},{"type":"Feature","properties":{"a":"3007 Winslow St","k":"3007 WINSLOW","sec":"1","lot":"LT 7 BLK 26","acct":"0780230260007","m":true},"geometry":{"type":"Polygon","coordinates":[[[-95.423366,29.694606],[-95.42321,29.694623],[-95.423164,29.694624],[-95.423183,29.694925],[-95.423307,29.69491],[-95.423431,29.694889],[-95.423366,29.694606]]]}},{"type":"Feature","properties":{"a":"3003 Norris Dr","k":"3003 NORRIS","sec":"7","lot":"LT 19 BLK 9","acct":"0780240360019","m":true},"geometry":{"type":"Polygon","coordinates":[[[-95.425098,29.687612],[-95.424964,29.687783],[-95.425236,29.687946],[-95.425277,29.687891],[-95.425322,29.687839],[-95.425371,29.687791],[-95.425098,29.687612]]]}},{"type":"Feature","properties":{"a":"8514 Bluegate St","k":"8514 BLUEGATE","sec":"7","lot":"TR 16 BLK 7","acct":"0780240350016","m":true},"geometry":{"type":"Polygon","coordinates":[[[-95.423808,29.687937],[-95.423534,29.687783],[-95.423412,29.687941],[-95.423685,29.688094],[-95.423775,29.687978],[-95.423808,29.687937]]]}},{"type":"Feature","properties":{"a":"3506 Broadmead Dr","k":"3506 BROADMEAD","sec":"BT2","lot":"LT 18 BLK 29","acct":"0772040290018","m":true},"geometry":{"type":"Polygon","coordinates":[[[-95.42953,29.689784],[-95.429541,29.690103],[-95.429731,29.6901],[-95.429754,29.6901],[-95.429739,29.68978],[-95.42953,29.689784]]]}},{"type":"Feature","properties":{"a":"3003 Stanton St","k":"3003 STANTON","sec":"2","lot":"LT 8 BLK 24 K","acct":"0780240030008","m":true},"geometry":{"type":"Polygon","coordinates":[[[-95.423079,29.693055],[-95.42288,29.693094],[-95.422884,29.693412],[-95.422964,29.693404],[-95.423043,29.69339],[-95.423121,29.693372],[-95.423198,29.69335],[-95.423079,29.693055]]]}},{"type":"Feature","properties":{"a":"2807 Ashwood St","k":"2807 ASHWOOD","sec":"9","lot":"LT 11 BLK 30","acct":"0813050000011","m":true},"geometry":{"type":"Polygon","coordinates":[[[-95.421186,29.691624],[-95.420933,29.691627],[-95.420932,29.691917],[-95.421184,29.691915],[-95.421186,29.691624]]]}},{"type":"Feature","properties":{"a":"8119 Greenbush St","k":"8119 GREENBUSH","sec":"2","lot":"LT 2 BLK 32A","acct":"0780240090002","m":true},"geometry":{"type":"Polygon","coordinates":[[[-95.422363,29.693032],[-95.422363,29.693126],[-95.422364,29.69322],[-95.422695,29.693217],[-95.422693,29.69303],[-95.422363,29.693032]]]}},{"type":"Feature","properties":{"a":"8538 Hatton St","k":"8538 HATTON","sec":"6","lot":"LT 18 BLK 9","acct":"0780240310018","m":true},"geometry":{"type":"Polygon","coordinates":[[[-95.425416,29.687209],[-95.425245,29.687211],[-95.425027,29.687214],[-95.424768,29.687217],[-95.424761,29.687308],[-95.424748,29.687398],[-95.425145,29.687553],[-95.42528,29.687383],[-95.425416,29.687209]]]}},{"type":"Feature","properties":{"a":"3002 Prescott St","k":"3002 PRESCOTT","sec":"2","lot":"LT 9 BLK 24","acct":"0780240030009","m":true},"geometry":{"type":"Polygon","coordinates":[[[-95.423107,29.692717],[-95.422877,29.692785],[-95.42288,29.693094],[-95.423079,29.693055],[-95.423219,29.693006],[-95.423107,29.692717]]]}},{"type":"Feature","properties":{"a":"3427 Gannett St","k":"3427 GANNETT","sec":"5","lot":"LT 3 BLK 13","acct":"0780240260003","m":true},"geometry":{"type":"Polygon","coordinates":[[[-95.428889,29.687897],[-95.428786,29.687899],[-95.428683,29.687901],[-95.428694,29.68818],[-95.428897,29.688177],[-95.428889,29.687897]]]}},{"type":"Feature","properties":{"a":"3107 Norris Dr","k":"3107 NORRIS","sec":"7","lot":"LT 23 BLK 9","acct":"0780240360023","m":true},"geometry":{"type":"Polygon","coordinates":[[[-95.425946,29.68751],[-95.426017,29.687499],[-95.426088,29.687493],[-95.426159,29.68749],[-95.426158,29.687201],[-95.425948,29.687203],[-95.425946,29.68751]]]}},{"type":"Feature","properties":{"a":"8331 Lorrie Dr","k":"8331 LORRIE","sec":"9","lot":"LT 12 BLK 1","acct":"0813000000012","m":true},"geometry":{"type":"Polygon","coordinates":[[[-95.420072,29.689798],[-95.420573,29.689867],[-95.420619,29.689794],[-95.42067,29.689725],[-95.420725,29.689659],[-95.420585,29.689569],[-95.420541,29.689547],[-95.420502,29.689518],[-95.420072,29.689798]]]}},{"type":"Feature","properties":{"a":"3114 Gannett St","k":"3114 GANNETT","sec":"7","lot":"LT 14 BLK 18","acct":"0780240390014","m":true},"geometry":{"type":"Polygon","coordinates":[[[-95.426595,29.688372],[-95.426343,29.688375],[-95.426346,29.688653],[-95.426409,29.688653],[-95.426599,29.68865],[-95.426595,29.688372]]]}},{"type":"Feature","properties":{"a":"8426 Bluegate Ct","k":"8426 BLUEGATE","sec":"9","lot":"LT 3 BLK 2","acct":"0813010000003","m":true},"geometry":{"type":"Polygon","coordinates":[[[-95.420837,29.689176],[-95.420907,29.688875],[-95.420854,29.688868],[-95.420802,29.688869],[-95.420749,29.688875],[-95.420628,29.688879],[-95.420621,29.688879],[-95.420614,29.68888],[-95.420608,29.688882],[-95.420602,29.688886],[-95.420596,29.68889],[-95.420591,29.688895],[-95.420588,29.688901],[-95.420585,29.688907],[-95.420583,29.688914],[-95.420582,29.68892],[-95.420585,29.689204],[-95.420837,29.689176]]]}},{"type":"Feature","properties":{"a":"3003 Fairhope St","k":"3003 FAIRHOPE","sec":"3","lot":"LT 6 BLK 21","acct":"0780240130006","m":true},"geometry":{"type":"Polygon","coordinates":[[[-95.42329,29.690685],[-95.42351,29.690818],[-95.423719,29.690554],[-95.4235,29.690422],[-95.42329,29.690685]]]}},{"type":"Feature","properties":{"a":"3023 Conway St","k":"3023 CONWAY","sec":"2","lot":"LT 3 BLK 25","acct":"0780240040003","m":true},"geometry":{"type":"Polygon","coordinates":[[[-95.424083,29.693865],[-95.424189,29.693839],[-95.424297,29.693819],[-95.424227,29.69351],[-95.424111,29.693523],[-95.42398,29.693569],[-95.424083,29.693865]]]}},{"type":"Feature","properties":{"a":"8410 Lorrie Dr","k":"8410 LORRIE","sec":"9","lot":"LT 10 BLK 4","acct":"0813020000010","m":true},"geometry":{"type":"Polygon","coordinates":[[[-95.421334,29.689205],[-95.421612,29.689374],[-95.421631,29.68935],[-95.421743,29.689216],[-95.421465,29.689048],[-95.421334,29.689205]]]}},{"type":"Feature","properties":{"a":"8419 Lorrie Dr","k":"8419 LORRIE","sec":"9","lot":"LT 4 & TR 3B BLK 1","acct":"0813000000004","m":true},"geometry":{"type":"Polygon","coordinates":[[[-95.421264,29.688489],[-95.421101,29.688763],[-95.421149,29.688788],[-95.421348,29.688908],[-95.421524,29.688694],[-95.421264,29.688489]]]}},{"type":"Feature","properties":{"a":"2814 Ashwood St","k":"2814 ASHWOOD","sec":"8","lot":"LT 12 BLK 31","acct":"0803740000012","m":true},"geometry":{"type":"Polygon","coordinates":[[[-95.42146,29.692077],[-95.421463,29.692372],[-95.421714,29.692371],[-95.421711,29.692075],[-95.42146,29.692077]]]}},{"type":"Feature","properties":{"a":"8427 Bluegate Ct","k":"8427 BLUEGATE","sec":"9","lot":"LT 6 BLK 1","acct":"0813000000006","m":true},"geometry":{"type":"Polygon","coordinates":[[[-95.420655,29.688715],[-95.420728,29.688713],[-95.420783,29.688706],[-95.420837,29.688704],[-95.420892,29.688707],[-95.42093,29.688409],[-95.420647,29.688414],[-95.420655,29.688715]]]}},{"type":"Feature","properties":{"a":"8906 Bevlyn Dr","k":"8906 BEVLYN","sec":"BT2","lot":"TR 16 BLK 32","acct":"0772040320016","m":true},"geometry":{"type":"Polygon","coordinates":[[[-95.430883,29.687245],[-95.430882,29.687175],[-95.43088,29.687066],[-95.43047,29.687072],[-95.430475,29.687251],[-95.430883,29.687245]]]}},{"type":"Feature","properties":{"a":"8202 Greenbush St","k":"8202 GREENBUSH","sec":"2","lot":"LT 6 BLK 23","acct":"0780240020006","m":true},"geometry":{"type":"Polygon","coordinates":[[[-95.42287,29.692367],[-95.422874,29.692615],[-95.423298,29.692474],[-95.423238,29.692366],[-95.42287,29.692367]]]}},{"type":"Feature","properties":{"a":"3118 Norris Dr","k":"3118 NORRIS","sec":"7","lot":"LT 8 BLK 17","acct":"0780240380008","m":true},"geometry":{"type":"Polygon","coordinates":[[[-95.426605,29.687649],[-95.42661,29.687931],[-95.426832,29.687928],[-95.426831,29.687646],[-95.426605,29.687649]]]}},{"type":"Feature","properties":{"a":"3026 Conway St","k":"3026 CONWAY","sec":"2","lot":"LT 15 BLK 26","acct":"0780240050015","m":true},"geometry":{"type":"Polygon","coordinates":[[[-95.424263,29.693998],[-95.424364,29.694341],[-95.424537,29.694316],[-95.424567,29.694311],[-95.424519,29.69396],[-95.424433,29.693968],[-95.424347,29.693981],[-95.424263,29.693998]]]}},{"type":"Feature","properties":{"a":"8106 Lorrie Dr","k":"8106 LORRIE","sec":"8","lot":"LT 8 BLK 33","acct":"0803760000008","m":true},"geometry":{"type":"Polygon","coordinates":[[[-95.420962,29.693602],[-95.42069,29.693605],[-95.420699,29.693913],[-95.420971,29.693911],[-95.420962,29.693602]]]}},{"type":"Feature","properties":{"a":"3427 Deal St","k":"3427 DEAL","sec":"5","lot":"LT 3 BLK 14","acct":"0780240270003","m":true},"geometry":{"type":"Polygon","coordinates":[[[-95.428677,29.688625],[-95.428684,29.688912],[-95.428894,29.688909],[-95.428887,29.688623],[-95.428677,29.688625]]]}},{"type":"Feature","properties":{"a":"3022 Stanton St","k":"3022 STANTON","sec":"2","lot":"LT 14 BLK 25","acct":"0780240040014","m":true},"geometry":{"type":"Polygon","coordinates":[[[-95.424316,29.6935],[-95.424245,29.693168],[-95.424121,29.693195],[-95.423998,29.693226],[-95.424111,29.693523],[-95.424227,29.69351],[-95.424316,29.6935]]]}},{"type":"Feature","properties":{"a":"3010 Tilden St","k":"3010 TILDEN","sec":"1","lot":"LT 13 BLK 28","acct":"0780230280013","m":true},"geometry":{"type":"Polygon","coordinates":[[[-95.423435,29.695726],[-95.423456,29.695735],[-95.423658,29.695816],[-95.423722,29.695842],[-95.423897,29.69555],[-95.423835,29.695523],[-95.423775,29.695492],[-95.423718,29.695455],[-95.423435,29.695726]]]}},{"type":"Feature","properties":{"a":"2929 Broadmead Dr","k":"2929 BROADMEAD","sec":"4","lot":"LT 1 BLK 9","acct":"0780240210001","m":true},"geometry":{"type":"Polygon","coordinates":[[[-95.423938,29.689075],[-95.42421,29.68924],[-95.424358,29.689052],[-95.424087,29.688888],[-95.423938,29.689075]]]}},{"type":"Feature","properties":{"a":"3006 Conway St","k":"3006 CONWAY","sec":"2","lot":"LT 10 BLK 26","acct":"0780240050010","m":true},"geometry":{"type":"Polygon","coordinates":[[[-95.423366,29.694606],[-95.423463,29.694575],[-95.423362,29.694289],[-95.423254,29.694312],[-95.423144,29.694329],[-95.42321,29.694623],[-95.423366,29.694606]]]}},{"type":"Feature","properties":{"a":"8515 Hatton St","k":"8515 HATTON","sec":"6","lot":"LT 4 BLK 7","acct":"0780240300004","m":true},"geometry":{"type":"Polygon","coordinates":[[[-95.423775,29.687978],[-95.423685,29.688094],[-95.423652,29.688137],[-95.42392,29.688299],[-95.424045,29.68814],[-95.423775,29.687978]]]}},{"type":"Feature","properties":{"a":"3004 Conway St","k":"3004 CONWAY","sec":"2","lot":"LT 9 BLK 26","acct":"0780240050009","m":true},"geometry":{"type":"Polygon","coordinates":[[[-95.422907,29.694346],[-95.422902,29.694634],[-95.423164,29.694624],[-95.42321,29.694623],[-95.423144,29.694329],[-95.423025,29.694341],[-95.422907,29.694346]]]}},{"type":"Feature","properties":{"a":"8431 Lorrie Dr","k":"8431 LORRIE","sec":"9","lot":"LT 1 BLK 1","acct":"0813000000001","m":true},"geometry":{"type":"Polygon","coordinates":[[[-95.421515,29.68815],[-95.421822,29.688332],[-95.421986,29.688131],[-95.421673,29.68795],[-95.421515,29.68815]]]}},{"type":"Feature","properties":{"a":"3502 Linkwood Dr","k":"3502 LINKWOOD","sec":"BT2","lot":"LT 10 BLK 35","acct":"0772040350010","m":true},"geometry":{"type":"Polygon","coordinates":[[[-95.429267,29.686879],[-95.429276,29.687165],[-95.42948,29.687162],[-95.429471,29.686876],[-95.429267,29.686879]]]}},{"type":"Feature","properties":{"a":"3011 Linkwood Dr","k":"3011 LINKWOOD","sec":"7","lot":"LT 10 BLK 10","acct":"0780240370010","m":true},"geometry":{"type":"Polygon","coordinates":[[[-95.425064,29.686478],[-95.425068,29.686776],[-95.425255,29.686774],[-95.425249,29.686472],[-95.425064,29.686478]]]}},{"type":"Feature","properties":{"a":"8319 Fairhope Pl","k":"8319 FAIRHOPE","sec":"3","lot":"LT 1 BLK 23","acct":"0780240150001","m":true},"geometry":{"type":"Polygon","coordinates":[[[-95.423667,29.691462],[-95.423698,29.691394],[-95.423734,29.691327],[-95.423775,29.691264],[-95.42382,29.691203],[-95.423611,29.691077],[-95.423417,29.691332],[-95.423667,29.691462]]]}},{"type":"Feature","properties":{"a":"3018 Tilden St","k":"3018 TILDEN","sec":"1","lot":"LT 15 BLK 28","acct":"0780230280015","m":true},"geometry":{"type":"Polygon","coordinates":[[[-95.424065,29.695918],[-95.424096,29.695921],[-95.424318,29.695937],[-95.424339,29.695939],[-95.424328,29.695607],[-95.424257,29.695608],[-95.424182,29.695608],[-95.424108,29.695603],[-95.424065,29.695918]]]}},{"type":"Feature","properties":{"a":"3027 Winslow St","k":"3027 WINSLOW","sec":"1","lot":"LT 2 BLK 26","acct":"0780230260002","m":true},"geometry":{"type":"Polygon","coordinates":[[[-95.424337,29.694638],[-95.424444,29.694624],[-95.424552,29.694615],[-95.424537,29.694316],[-95.424364,29.694341],[-95.424283,29.694353],[-95.424337,29.694638]]]}},{"type":"Feature","properties":{"a":"2902 Stanton St","k":"2902 STANTON","sec":"8","lot":"LT 12 BLK 33","acct":"0803760000012","m":true},"geometry":{"type":"Polygon","coordinates":[[[-95.421908,29.693594],[-95.42172,29.693596],[-95.421657,29.693596],[-95.421662,29.693906],[-95.421738,29.693906],[-95.421915,29.693904],[-95.421908,29.693594]]]}},{"type":"Feature","properties":{"a":"3431 Broadmead Dr","k":"3431 BROADMEAD","sec":"5","lot":"TRS 2 & 3A BLK 15","acct":"0780240280002","m":true},"geometry":{"type":"Polygon","coordinates":[[[-95.428881,29.68963],[-95.429084,29.689627],[-95.42908,29.689345],[-95.428909,29.689347],[-95.428875,29.689348],[-95.428881,29.68963]]]}},{"type":"Feature","properties":{"a":"3118 Gannett St","k":"3118 GANNETT","sec":"7","lot":"LT 13 BLK 18","acct":"0780240390013","m":true},"geometry":{"type":"Polygon","coordinates":[[[-95.426599,29.68865],[-95.42663,29.68865],[-95.426851,29.688648],[-95.426847,29.688369],[-95.426595,29.688372],[-95.426599,29.68865]]]}},{"type":"Feature","properties":{"a":"3007 Castlewood St","k":"3007 CASTLEWOOD","sec":"3","lot":"LT 3 BLK 20","acct":"0780240120003","m":true},"geometry":{"type":"Polygon","coordinates":[[[-95.424271,29.689941],[-95.424215,29.689904],[-95.424024,29.690146],[-95.424204,29.690254],[-95.424407,29.690006],[-95.424271,29.689941]]]}},{"type":"Feature","properties":{"a":"2807 Chiswell St","k":"2807 CHISWELL","sec":"9","lot":"LT 11 BLK 29","acct":"0813040000011","m":true},"geometry":{"type":"Polygon","coordinates":[[[-95.420922,29.690885],[-95.420919,29.69117],[-95.421188,29.691163],[-95.421188,29.690879],[-95.421166,29.69088],[-95.420922,29.690885]]]}},{"type":"Feature","properties":{"a":"3107 Gannett St","k":"3107 GANNETT","sec":"7","lot":"LT 2 BLK 17","acct":"0780240380002","m":true},"geometry":{"type":"Polygon","coordinates":[[[-95.426164,29.687938],[-95.425953,29.687941],[-95.425858,29.68818],[-95.425936,29.688196],[-95.426015,29.688207],[-95.426094,29.688212],[-95.426168,29.688212],[-95.426164,29.687938]]]}},{"type":"Feature","properties":{"a":"3507 Deal St","k":"3507 DEAL","sec":"BT2","lot":"LT 2 BLK 33","acct":"0772040330002","m":true},"geometry":{"type":"Polygon","coordinates":[[[-95.429503,29.688615],[-95.42951,29.6889],[-95.429717,29.688898],[-95.42971,29.688613],[-95.429503,29.688615]]]}},{"type":"Feature","properties":{"a":"8415 Hatton St","k":"8415 HATTON","sec":"4","lot":"LT 5 BLK 6","acct":"0780240180005","m":true},"geometry":{"type":"Polygon","coordinates":[[[-95.422732,29.689803],[-95.422853,29.689646],[-95.422587,29.689477],[-95.422485,29.689607],[-95.422462,29.689636],[-95.422732,29.689803]]]}},{"type":"Feature","properties":{"a":"3419 Gannett St","k":"3419 GANNETT","sec":"5","lot":"LT 5 BLK 13","acct":"0780240260005","m":true},"geometry":{"type":"Polygon","coordinates":[[[-95.428275,29.687907],[-95.428284,29.688187],[-95.428489,29.688184],[-95.428479,29.687904],[-95.428377,29.687906],[-95.428275,29.687907]]]}},{"type":"Feature","properties":{"a":"3023 Prescott St","k":"3023 PRESCOTT","sec":"2","lot":"LT 3 BLK 22","acct":"0780240010003","m":true},"geometry":{"type":"Polygon","coordinates":[[[-95.424207,29.691982],[-95.423806,29.692028],[-95.423822,29.692085],[-95.423842,29.692141],[-95.423865,29.692195],[-95.423892,29.692248],[-95.424006,29.692217],[-95.42412,29.692191],[-95.424235,29.692169],[-95.424207,29.691982]]]}},{"type":"Feature","properties":{"a":"8207 Fairhope Pl","k":"8207 FAIRHOPE","sec":"2","lot":"LT 4 BLK 23","acct":"0780240020004","m":true},"geometry":{"type":"Polygon","coordinates":[[[-95.423237,29.691927],[-95.423237,29.691967],[-95.423237,29.692167],[-95.423237,29.692183],[-95.423636,29.692095],[-95.42362,29.692032],[-95.423608,29.691969],[-95.4236,29.691904],[-95.423237,29.691927]]]}},{"type":"Feature","properties":{"a":"2903 Conway St","k":"2903 CONWAY","sec":"8","lot":"LT 3 BLK 33","acct":"0803760000003","m":true},"geometry":{"type":"Polygon","coordinates":[[[-95.421959,29.693904],[-95.421915,29.693904],[-95.421738,29.693906],[-95.421745,29.694199],[-95.421966,29.694197],[-95.421959,29.693904]]]}},{"type":"Feature","properties":{"a":"8206 Fairhope Pl","k":"8206 FAIRHOPE","sec":"2","lot":"LT 4 BLK 22","acct":"0780240010004","m":true},"geometry":{"type":"Polygon","coordinates":[[[-95.424182,29.691811],[-95.424125,29.691812],[-95.423784,29.691818],[-95.423785,29.691888],[-95.423793,29.691958],[-95.423806,29.692028],[-95.424207,29.691982],[-95.424182,29.691811]]]}},{"type":"Feature","properties":{"a":"3111 Norris Dr","k":"3111 NORRIS","sec":"7","lot":"LT 24 BLK 9","acct":"0780240360024","m":true},"geometry":{"type":"Polygon","coordinates":[[[-95.426158,29.687201],[-95.426159,29.68749],[-95.426381,29.687488],[-95.426379,29.687198],[-95.426158,29.687201]]]}},{"type":"Feature","properties":{"a":"2810 Ashwood St","k":"2810 ASHWOOD","sec":"8","lot":"LT 11 BLK 31","acct":"0803740000011","m":true},"geometry":{"type":"Polygon","coordinates":[[[-95.421192,29.692079],[-95.421195,29.692374],[-95.421463,29.692372],[-95.42146,29.692077],[-95.421192,29.692079]]]}},{"type":"Feature","properties":{"a":"3123 Gannett St","k":"3123 GANNETT","sec":"7","lot":"LT 6 BLK 17","acct":"0780240380006","m":true},"geometry":{"type":"Polygon","coordinates":[[[-95.426832,29.687928],[-95.426837,29.688206],[-95.427114,29.688203],[-95.427104,29.688041],[-95.427103,29.687924],[-95.426832,29.687928]]]}},{"type":"Feature","properties":{"a":"8015 Serenity Ct","k":"8015 SERENITY","sec":null,"lot":"LT 5 BLK 1","acct":"1328420010005","m":true},"geometry":{"type":"Polygon","coordinates":[[[-95.421964,29.694661],[-95.421967,29.694896],[-95.422192,29.694894],[-95.422189,29.694659],[-95.421964,29.694661]]]}},{"type":"Feature","properties":{"a":"3015 Broadmead Dr","k":"3015 BROADMEAD","sec":"6","lot":"LT 10 BLK 19","acct":"0780240330010","m":true},"geometry":{"type":"Polygon","coordinates":[[[-95.42498,29.68927],[-95.424834,29.689595],[-95.424909,29.689621],[-95.424985,29.689641],[-95.425063,29.689658],[-95.425127,29.689326],[-95.425114,29.689321],[-95.42498,29.68927]]]}},{"type":"Feature","properties":{"a":"3503 Gannett St","k":"3503 GANNETT","sec":"BT2","lot":"LT 1 BLK 34","acct":"0772040340001","m":true},"geometry":{"type":"Polygon","coordinates":[[[-95.429298,29.687891],[-95.429308,29.68817],[-95.429511,29.688165],[-95.429503,29.687886],[-95.429298,29.687891]]]}},{"type":"Feature","properties":{"a":"8203 Lorrie Dr","k":"8203 LORRIE","sec":"8","lot":"LT 12 BLK 35","acct":"0803780000012","m":true},"geometry":{"type":"Polygon","coordinates":[[[-95.420143,29.692613],[-95.420149,29.692819],[-95.420503,29.692819],[-95.420497,29.692613],[-95.420143,29.692613]]]}},{"type":"Feature","properties":{"a":"8710 Bevlyn Dr","k":"8710 BEVLYN","sec":"BT2","lot":"LT 10 BLK 32","acct":"0772040320010","m":true},"geometry":{"type":"Polygon","coordinates":[[[-95.430903,29.688471],[-95.430901,29.688344],[-95.4309,29.688271],[-95.430503,29.688277],[-95.430508,29.688477],[-95.430903,29.688471]]]}},{"type":"Feature","properties":{"a":"3003 S Braeswood Blvd","k":"3003 S BRAESWOOD","sec":"1","lot":"LT 8 BLK 28","acct":"0780230280008","m":true},"geometry":{"type":"Polygon","coordinates":[[[-95.423045,29.696096],[-95.423233,29.695656],[-95.422885,29.695592],[-95.422863,29.695661],[-95.422836,29.695728],[-95.422803,29.695792],[-95.422765,29.695854],[-95.422758,29.695871],[-95.422753,29.695889],[-95.422752,29.695908],[-95.422754,29.695926],[-95.422759,29.695944],[-95.422767,29.695961],[-95.422778,29.695977],[-95.422791,29.69599],[-95.422806,29.696001],[-95.422925,29.69605],[-95.423045,29.696096]]]}},{"type":"Feature","properties":{"a":"3114 Linkwood Dr","k":"3114 LINKWOOD","sec":"7","lot":"TR 30 BLK 9","acct":"0780240360030","m":true},"geometry":{"type":"Polygon","coordinates":[[[-95.426377,29.686925],[-95.426379,29.687198],[-95.426604,29.687196],[-95.426599,29.686923],[-95.426377,29.686925]]]}},{"type":"Feature","properties":{"a":"2802 Conway St","k":"2802 CONWAY","sec":"8","lot":"LT 7 BLK 34","acct":"0803770000007","m":true},"geometry":{"type":"Polygon","coordinates":[[[-95.420715,29.694375],[-95.42072,29.694746],[-95.421,29.694744],[-95.420996,29.694373],[-95.420715,29.694375]]]}},{"type":"Feature","properties":{"a":"3019 S Braeswood Blvd","k":"3019 S BRAESWOOD","sec":"1","lot":"LT 4 BLK 28","acct":"0780230280004","m":true},"geometry":{"type":"Polygon","coordinates":[[[-95.424096,29.695921],[-95.424065,29.695918],[-95.423877,29.695904],[-95.423792,29.696309],[-95.423916,29.696333],[-95.424041,29.696354],[-95.424096,29.695921]]]}},{"type":"Feature","properties":{"a":"8121 Greenbush St","k":"8121 GREENBUSH","sec":"2","lot":"LT 1 BLK 32A","acct":"0780240090001","m":true},"geometry":{"type":"Polygon","coordinates":[[[-95.422693,29.69303],[-95.422691,29.692802],[-95.422362,29.692807],[-95.422363,29.693032],[-95.422693,29.69303]]]}},{"type":"Feature","properties":{"a":"8406 Bluegate St","k":"8406 BLUEGATE","sec":"9","lot":"LT 16 BL 6","acct":"0813030000016","m":true},"geometry":{"type":"Polygon","coordinates":[[[-95.42133,29.689841],[-95.42115,29.689844],[-95.42112,29.689842],[-95.42109,29.689839],[-95.421091,29.690146],[-95.421176,29.690143],[-95.421327,29.690137],[-95.42133,29.689841]]]}},{"type":"Feature","properties":{"a":"3511 Deal St","k":"3511 DEAL","sec":"BT2","lot":"LT 3 BLK 33","acct":"0772040330003","m":true},"geometry":{"type":"Polygon","coordinates":[[[-95.42971,29.688613],[-95.429717,29.688898],[-95.429924,29.688895],[-95.429917,29.68861],[-95.42971,29.688613]]]}},{"type":"Feature","properties":{"a":"3402 Gannett St","k":"3402 GANNETT","sec":"5","lot":"LT 10 BLK 14","acct":"0780240270010","m":true},"geometry":{"type":"Polygon","coordinates":[[[-95.427637,29.688363],[-95.427428,29.688366],[-95.427431,29.688641],[-95.427626,29.688638],[-95.427648,29.688638],[-95.427637,29.688363]]]}},{"type":"Feature","properties":{"a":"2902 Conway St","k":"2902 CONWAY","sec":"8","lot":"TR 11 BLK 34","acct":"0803770000011","m":true},"geometry":{"type":"Polygon","coordinates":[[[-95.421755,29.694663],[-95.421944,29.694661],[-95.42194,29.694364],[-95.421751,29.694366],[-95.421755,29.694663]]]}},{"type":"Feature","properties":{"a":"3007 Stanton St","k":"3007 STANTON","sec":"2","lot":"LT 7 BLK 24","acct":"0780240030007","m":true},"geometry":{"type":"Polygon","coordinates":[[[-95.423198,29.69335],[-95.423259,29.693328],[-95.423319,29.693303],[-95.423377,29.693275],[-95.423427,29.693252],[-95.423283,29.692983],[-95.423219,29.693006],[-95.423079,29.693055],[-95.423198,29.69335]]]}},{"type":"Feature","properties":{"a":"8307 Lorrie Dr","k":"8307 LORRIE","sec":"9","lot":"LT 18 BLK 1","acct":"0813000000018","m":true},"geometry":{"type":"Polygon","coordinates":[[[-95.420097,29.690826],[-95.4201,29.691018],[-95.420447,29.69101],[-95.420441,29.690817],[-95.420097,29.690826]]]}},{"type":"Feature","properties":{"a":"3030 Prescott St","k":"3030 PRESCOTT","sec":"2","lot":"LT 16 BLK 24","acct":"0780240030016","m":true},"geometry":{"type":"Polygon","coordinates":[[[-95.424491,29.692302],[-95.424513,29.692651],[-95.424729,29.692627],[-95.424726,29.692292],[-95.424608,29.692295],[-95.424491,29.692302]]]}},{"type":"Feature","properties":{"a":"8303 Lorrie Dr","k":"8303 LORRIE","sec":"9","lot":"LT 19 BLK 1","acct":"0813000000019","m":true},"geometry":{"type":"Polygon","coordinates":[[[-95.4201,29.691018],[-95.420107,29.691211],[-95.420453,29.691202],[-95.420447,29.69101],[-95.4201,29.691018]]]}},{"type":"Feature","properties":{"a":"3003 Conway St","k":"3003 CONWAY","sec":"2","lot":"LT 8 BLK 25","acct":"0780240040008","m":true},"geometry":{"type":"Polygon","coordinates":[[[-95.423131,29.69387],[-95.422891,29.693875],[-95.422895,29.69419],[-95.422998,29.694187],[-95.423101,29.694176],[-95.423203,29.694159],[-95.423131,29.69387]]]}},{"type":"Feature","properties":{"a":"3018 Prescott St","k":"3018 PRESCOTT","sec":"2","lot":"LT 13 BLK 24","acct":"0780240030013","m":true},"geometry":{"type":"Polygon","coordinates":[[[-95.423907,29.692765],[-95.423989,29.692737],[-95.424106,29.692696],[-95.423993,29.692391],[-95.423924,29.692412],[-95.423856,29.692434],[-95.42376,29.692475],[-95.423907,29.692765]]]}},{"type":"Feature","properties":{"a":"3010 Broadmead Dr","k":"3010 BROADMEAD","sec":"6","lot":"LT 7 BLK 20","acct":"0780240340007","m":true},"geometry":{"type":"Polygon","coordinates":[[[-95.424674,29.689711],[-95.424482,29.690043],[-95.424602,29.690102],[-95.424701,29.69015],[-95.424882,29.689786],[-95.424812,29.689764],[-95.424742,29.68974],[-95.424674,29.689711]]]}},{"type":"Feature","properties":{"a":"3026 Prescott St","k":"3026 PRESCOTT","sec":"2","lot":"LT 15 BLK 24","acct":"0780240030015","m":true},"geometry":{"type":"Polygon","coordinates":[[[-95.424513,29.692651],[-95.424491,29.692302],[-95.424365,29.692315],[-95.42424,29.692335],[-95.424309,29.692673],[-95.424493,29.692653],[-95.424513,29.692651]]]}},{"type":"Feature","properties":{"a":"8507 Bluegate St","k":"8507 BLUEGATE","sec":"10","lot":"TR 6 BLK 3","acct":"0823100000006","m":true},"geometry":{"type":"Polygon","coordinates":[[[-95.422706,29.688034],[-95.42298,29.688199],[-95.423106,29.688036],[-95.422831,29.687873],[-95.422706,29.688034]]]}},{"type":"Feature","properties":{"a":"3414 Linkwood Dr","k":"3414 LINKWOOD","sec":"5","lot":"LT 13 BLK 12","acct":"0780240250013","m":true},"geometry":{"type":"Polygon","coordinates":[[[-95.428039,29.686899],[-95.42805,29.687187],[-95.428253,29.687183],[-95.428243,29.686895],[-95.428039,29.686899]]]}},{"type":"Feature","properties":{"a":"3003 Castlewood St","k":"3003 CASTLEWOOD","sec":"3","lot":"LT 4 BLK 20","acct":"0780240120004","m":true},"geometry":{"type":"Polygon","coordinates":[[[-95.424215,29.689904],[-95.424014,29.689772],[-95.423816,29.69002],[-95.424024,29.690146],[-95.424215,29.689904]]]}},{"type":"Feature","properties":{"a":"2910 Stanton St","k":"2910 STANTON","sec":"8","lot":"LT 14 BLK 33","acct":"0803760000014","m":true},"geometry":{"type":"Polygon","coordinates":[[[-95.422392,29.693589],[-95.42213,29.693592],[-95.422136,29.693903],[-95.422173,29.693903],[-95.422393,29.693901],[-95.422393,29.693793],[-95.422392,29.693589]]]}},{"type":"Feature","properties":{"a":"8511 Greenbush St","k":"8511 GREENBUSH","sec":"6","lot":"LT 5 BLK 9","acct":"0780240310005","m":true},"geometry":{"type":"Polygon","coordinates":[[[-95.424216,29.688726],[-95.424488,29.688889],[-95.424609,29.688737],[-95.424339,29.688572],[-95.424216,29.688726]]]}},{"type":"Feature","properties":{"a":"3519 S Braeswood Blvd","k":"3519 S BRAESWOOD","sec":"BT2","lot":"LT 1 BLK 32","acct":"0772040320001","m":false},"geometry":{"type":"Polygon","coordinates":[[[-95.430936,29.690417],[-95.430931,29.690159],[-95.43093,29.690077],[-95.430552,29.690083],[-95.430562,29.690452],[-95.430748,29.690431],[-95.430936,29.690417]]]}},{"type":"Feature","properties":{"a":"3507 Norris Dr","k":"3507 NORRIS","sec":"BT2","lot":"LT 2 BLK 35","acct":"0772040350002","m":true},"geometry":{"type":"Polygon","coordinates":[[[-95.42948,29.687162],[-95.429489,29.687439],[-95.429694,29.687435],[-95.429686,29.68716],[-95.42948,29.687162]]]}},{"type":"Feature","properties":{"a":"3506 Norris Dr","k":"3506 NORRIS","sec":"BT2","lot":"LT 9 BLK 34","acct":"0772040340009","m":true},"geometry":{"type":"Polygon","coordinates":[[[-95.429495,29.687603],[-95.429503,29.687886],[-95.429708,29.687881],[-95.429699,29.687599],[-95.429495,29.687603]]]}},{"type":"Feature","properties":{"a":"2907 Ashwood St","k":"2907 ASHWOOD","sec":"2","lot":"LT 3 BLK 30","acct":"0780240060003","m":true},"geometry":{"type":"Polygon","coordinates":[[[-95.421948,29.691611],[-95.42194,29.691904],[-95.422169,29.6919],[-95.42217,29.691608],[-95.421948,29.691611]]]}},{"type":"Feature","properties":{"a":"3023 Tilden St","k":"3023 TILDEN","sec":"1","lot":"LT 2 BLK 27","acct":"0780230270002","m":true},"geometry":{"type":"Polygon","coordinates":[[[-95.424537,29.695113],[-95.424346,29.695116],[-95.424322,29.695117],[-95.424315,29.695445],[-95.424529,29.695442],[-95.424537,29.695113]]]}},{"type":"Feature","properties":{"a":"3023 Broadmead Dr","k":"3023 BROADMEAD","sec":"6","lot":"LT 8 BLK 19","acct":"0780240330008","m":true},"geometry":{"type":"Polygon","coordinates":[[[-95.425523,29.68939],[-95.425428,29.689391],[-95.425302,29.689392],[-95.425307,29.68968],[-95.425334,29.689679],[-95.425528,29.689676],[-95.425523,29.68939]]]}},{"type":"Feature","properties":{"a":"2807 Prescott St","k":"2807 PRESCOTT","sec":"8","lot":"LT 7 BLK 31","acct":"0803740000007","m":true},"geometry":{"type":"Polygon","coordinates":[[[-95.420943,29.692376],[-95.420946,29.692662],[-95.421198,29.692659],[-95.421195,29.692374],[-95.420943,29.692376]]]}},{"type":"Feature","properties":{"a":"8419 Bluegate Ct","k":"8419 BLUEGATE","sec":"9","lot":"LT 8 BLK 1","acct":"0813000000008","m":true},"geometry":{"type":"Polygon","coordinates":[[[-95.420043,29.688587],[-95.420052,29.68897],[-95.420395,29.688958],[-95.420393,29.688803],[-95.420394,29.68879],[-95.420397,29.688777],[-95.420402,29.688766],[-95.42041,29.688755],[-95.420419,29.688745],[-95.420192,29.688583],[-95.420043,29.688587]]]}},{"type":"Feature","properties":{"a":"3507 Gannett St","k":"3507 GANNETT","sec":"BT2","lot":"LT 2 BLK 34","acct":"0772040340002","m":true},"geometry":{"type":"Polygon","coordinates":[[[-95.429503,29.687886],[-95.429511,29.688165],[-95.429716,29.688159],[-95.429708,29.687881],[-95.429503,29.687886]]]}},{"type":"Feature","properties":{"a":"3422 Linkwood Dr","k":"3422 LINKWOOD","sec":"5","lot":"LT 15 BLK 12","acct":"0780240250015","m":true},"geometry":{"type":"Polygon","coordinates":[[[-95.428444,29.686892],[-95.428455,29.68718],[-95.428656,29.687176],[-95.428647,29.686889],[-95.428444,29.686892]]]}},{"type":"Feature","properties":{"a":"3103 Deal St","k":"3103 DEAL","sec":"7","lot":"LT 6 BLK 18","acct":"0780240390006","m":true},"geometry":{"type":"Polygon","coordinates":[[[-95.425969,29.688657],[-95.425739,29.68866],[-95.425745,29.688949],[-95.425971,29.688944],[-95.425969,29.688657]]]}},{"type":"Feature","properties":{"a":"3402 Broadmead Dr","k":"3402 BROADMEAD","sec":"5","lot":"LT 9 BLK 16","acct":"0780240290009","m":true},"geometry":{"type":"Polygon","coordinates":[[[-95.427442,29.689814],[-95.427444,29.690122],[-95.427658,29.69012],[-95.427658,29.689811],[-95.427442,29.689814]]]}},{"type":"Feature","properties":{"a":"3415 Norris Dr","k":"3415 NORRIS","sec":"5","lot":"LT 6 BLK 12","acct":"0780240250006","m":true},"geometry":{"type":"Polygon","coordinates":[[[-95.42805,29.687187],[-95.42806,29.687465],[-95.428264,29.687462],[-95.428253,29.687183],[-95.42805,29.687187]]]}},{"type":"Feature","properties":{"a":"8417 Bluegate St","k":"8417 BLUEGATE","sec":"9","lot":"LT 7 BLK 4","acct":"0813020000007","m":true},"geometry":{"type":"Polygon","coordinates":[[[-95.421631,29.68935],[-95.421612,29.689374],[-95.421477,29.68954],[-95.421365,29.689677],[-95.421646,29.689672],[-95.421694,29.689666],[-95.42174,29.689654],[-95.421785,29.689637],[-95.421828,29.689615],[-95.421867,29.689588],[-95.421926,29.689515],[-95.421631,29.68935]]]}},{"type":"Feature","properties":{"a":"3510 Linkwood Dr","k":"3510 LINKWOOD","sec":"BT2","lot":"LT 8 BLK 35","acct":"0772040350008","m":true},"geometry":{"type":"Polygon","coordinates":[[[-95.429678,29.686872],[-95.429686,29.68716],[-95.429891,29.687158],[-95.429884,29.686869],[-95.429678,29.686872]]]}},{"type":"Feature","properties":{"a":"2831 Linkwood Dr","k":"2831 LINKWOOD","sec":"10","lot":"LT 3 BLK 5","acct":"0823110000003","m":true},"geometry":{"type":"Polygon","coordinates":[[[-95.42281,29.68695],[-95.422902,29.687027],[-95.422965,29.686985],[-95.42303,29.686947],[-95.423099,29.686914],[-95.423169,29.686886],[-95.422982,29.686534],[-95.422783,29.686854],[-95.422795,29.686871],[-95.422803,29.68689],[-95.422809,29.68691],[-95.422811,29.68693],[-95.42281,29.68695]]]}},{"type":"Feature","properties":{"a":"8910 Bevlyn Dr","k":"8910 BEVLYN","sec":"BT2","lot":"LT 17 BLK 32","acct":"0772040320017","m":true},"geometry":{"type":"Polygon","coordinates":[[[-95.430877,29.686857],[-95.430465,29.686863],[-95.43047,29.687072],[-95.43088,29.687066],[-95.430877,29.686857]]]}},{"type":"Feature","properties":{"a":"8522 Bluegate St","k":"8522 BLUEGATE","sec":"7","lot":"LT 14 BLK 7","acct":"0780240350014","m":true},"geometry":{"type":"Polygon","coordinates":[[[-95.423781,29.687436],[-95.423756,29.68748],[-95.423681,29.687585],[-95.423959,29.687743],[-95.424024,29.687661],[-95.42414,29.687511],[-95.423781,29.687436]]]}},{"type":"Feature","properties":{"a":"2903 Stanton St","k":"2903 STANTON","sec":"2","lot":"LT 6 BLK 32","acct":"0780240080006","m":true},"geometry":{"type":"Polygon","coordinates":[[[-95.421719,29.693131],[-95.42172,29.693432],[-95.421935,29.693431],[-95.421934,29.693129],[-95.421719,29.693131]]]}},{"type":"Feature","properties":{"a":"8606 Bevlyn Dr","k":"8606 BEVLYN","sec":"BT2","lot":"LT 5 BLK 32","acct":"0772040320005","m":true},"geometry":{"type":"Polygon","coordinates":[[[-95.43092,29.689475],[-95.430918,29.689347],[-95.430917,29.689274],[-95.43053,29.68928],[-95.430536,29.689481],[-95.43092,29.689475]]]}},{"type":"Feature","properties":{"a":"3434 Broadmead Dr","k":"3434 BROADMEAD","sec":"5","lot":"LT 1 & TR 2A BLK 16","acct":"0780240290001","m":true},"geometry":{"type":"Polygon","coordinates":[[[-95.429043,29.689791],[-95.429051,29.690106],[-95.429068,29.690106],[-95.429336,29.690105],[-95.429325,29.689787],[-95.429043,29.689791]]]}},{"type":"Feature","properties":{"a":"3406 Deal St","k":"3406 DEAL","sec":"5","lot":"LT 11 & TR 10A BLK 15","acct":"0780240280011","m":true},"geometry":{"type":"Polygon","coordinates":[[[-95.42785,29.689087],[-95.427639,29.68909],[-95.427642,29.689363],[-95.427775,29.689362],[-95.427853,29.689361],[-95.42785,29.689087]]]}},{"type":"Feature","properties":{"a":"3023 Winslow St","k":"3023 WINSLOW","sec":"1","lot":"LT 3 BLK 26","acct":"0780230260003","m":true},"geometry":{"type":"Polygon","coordinates":[[[-95.424283,29.694353],[-95.42416,29.694371],[-95.42401,29.694393],[-95.424109,29.694686],[-95.424223,29.694659],[-95.424337,29.694638],[-95.424283,29.694353]]]}},{"type":"Feature","properties":{"a":"8000 Greenbush St","k":"8000 GREENBUSH","sec":"1","lot":"LT 8 BLK 26","acct":"0780230260008","m":true},"geometry":{"type":"Polygon","coordinates":[[[-95.422901,29.694936],[-95.422995,29.694936],[-95.423089,29.694932],[-95.423183,29.694925],[-95.423164,29.694624],[-95.422902,29.694634],[-95.422901,29.694936]]]}},{"type":"Feature","properties":{"a":"2811 Prescott St","k":"2811 PRESCOTT","sec":"8","lot":"LT 6 BLK 31","acct":"0803740000006","m":true},"geometry":{"type":"Polygon","coordinates":[[[-95.421195,29.692374],[-95.421198,29.692659],[-95.421465,29.692656],[-95.421463,29.692372],[-95.421195,29.692374]]]}},{"type":"Feature","properties":{"a":"3006 Fairhope St","k":"3006 FAIRHOPE","sec":"3","lot":"LT 14 BLK 23","acct":"0780240150014","m":true},"geometry":{"type":"Polygon","coordinates":[[[-95.423611,29.691077],[-95.423417,29.690961],[-95.423214,29.691225],[-95.423336,29.691289],[-95.423417,29.691332],[-95.423611,29.691077]]]}},{"type":"Feature","properties":{"a":"8810 Bevlyn Dr","k":"8810 BEVLYN","sec":"BT2","lot":"LT 14 BLK 32","acct":"0772040320014","m":true},"geometry":{"type":"Polygon","coordinates":[[[-95.430481,29.687474],[-95.430487,29.687674],[-95.43089,29.687668],[-95.430887,29.687468],[-95.430481,29.687474]]]}},{"type":"Feature","properties":{"a":"3115 Linkwood Dr","k":"3115 LINKWOOD","sec":"7","lot":"LTS 3 & 4 BLK 10","acct":"0780240370003","m":true},"geometry":{"type":"Polygon","coordinates":[[[-95.426618,29.686455],[-95.42652,29.686455],[-95.426447,29.686455],[-95.426391,29.686456],[-95.426271,29.686456],[-95.426256,29.686456],[-95.426264,29.686763],[-95.426457,29.686761],[-95.42666,29.686758],[-95.426654,29.686455],[-95.426618,29.686455]]]}},{"type":"Feature","properties":{"a":"3027 S Braeswood Blvd","k":"3027 S BRAESWOOD","sec":"1","lot":"LT 2 BLK 28","acct":"0780230280002","m":true},"geometry":{"type":"Polygon","coordinates":[[[-95.42454,29.695954],[-95.424339,29.695939],[-95.424318,29.695937],[-95.42429,29.696379],[-95.424417,29.696383],[-95.424544,29.696383],[-95.42454,29.695954]]]}},{"type":"Feature","properties":{"a":"8227 Lorrie Dr","k":"8227 LORRIE","sec":"9","lot":"LT 21 BLK 1","acct":"0813000000021","m":true},"geometry":{"type":"Polygon","coordinates":[[[-95.420111,29.691403],[-95.420112,29.691423],[-95.420116,29.691596],[-95.420467,29.691586],[-95.420458,29.691395],[-95.420111,29.691403]]]}},{"type":"Feature","properties":{"a":"3427 Norris Dr","k":"3427 NORRIS","sec":"5","lot":"LT 3 BLK 12","acct":"0780240250003","m":true},"geometry":{"type":"Polygon","coordinates":[[[-95.428656,29.687176],[-95.428665,29.687454],[-95.428874,29.68745],[-95.428864,29.687172],[-95.428656,29.687176]]]}},{"type":"Feature","properties":{"a":"2807 Linkwood Dr","k":"2807 LINKWOOD","sec":"10","lot":"LT 9 BLK 5","acct":"0823110000009","m":true},"geometry":{"type":"Polygon","coordinates":[[[-95.421976,29.687565],[-95.42228,29.687751],[-95.422434,29.68756],[-95.422128,29.687373],[-95.421976,29.687565]]]}},{"type":"Feature","properties":{"a":"8231 Lorrie Dr","k":"8231 LORRIE","sec":"9","lot":"LT 20 BLK 1","acct":"0813000000020","m":true},"geometry":{"type":"Polygon","coordinates":[[[-95.420107,29.691211],[-95.420111,29.691403],[-95.420458,29.691395],[-95.420453,29.691202],[-95.420107,29.691211]]]}},{"type":"Feature","properties":{"a":"3027 Deal St","k":"3027 DEAL","sec":"6","lot":"LT 5 BLK 18","acct":"0780240320005","m":true},"geometry":{"type":"Polygon","coordinates":[[[-95.425542,29.688593],[-95.425457,29.688932],[-95.425528,29.688946],[-95.4256,29.688953],[-95.425673,29.688954],[-95.425745,29.688949],[-95.425739,29.68866],[-95.425542,29.688593]]]}},{"type":"Feature","properties":{"a":"8426 Lorrie Dr","k":"8426 LORRIE","sec":"9","lot":"LT 14 BLK 4","acct":"0813020000014","m":true},"geometry":{"type":"Polygon","coordinates":[[[-95.421879,29.688551],[-95.422155,29.688719],[-95.422279,29.688561],[-95.422007,29.688396],[-95.421879,29.688551]]]}},{"type":"Feature","properties":{"a":"8506 Greenbush St","k":"8506 GREENBUSH","sec":"4","lot":"LT 2 BLK 19","acct":"0780240220002","m":true},"geometry":{"type":"Polygon","coordinates":[[[-95.424902,29.689135],[-95.424645,29.688982],[-95.424517,29.689141],[-95.424775,29.689293],[-95.424837,29.689216],[-95.424902,29.689135]]]}},{"type":"Feature","properties":{"a":"3435 Broadmead Dr","k":"3435 BROADMEAD","sec":"5","lot":"LT 1 & TR 2A BLK 15","acct":"0780240280001","m":true},"geometry":{"type":"Polygon","coordinates":[[[-95.429315,29.689342],[-95.429114,29.689344],[-95.42908,29.689345],[-95.429084,29.689627],[-95.429321,29.689623],[-95.429315,29.689342]]]}},{"type":"Feature","properties":{"a":"2803 S Braeswood Blvd","k":"2803 S BRAESWOOD","sec":"8","lot":"LT 6 BLK 34","acct":"0803770000006","m":true},"geometry":{"type":"Polygon","coordinates":[[[-95.42072,29.694746],[-95.420723,29.695082],[-95.420731,29.6951],[-95.420742,29.695117],[-95.420756,29.695132],[-95.420772,29.695144],[-95.420789,29.695154],[-95.420808,29.69516],[-95.420907,29.69517],[-95.421005,29.695184],[-95.421,29.694744],[-95.42072,29.694746]]]}},{"type":"Feature","properties":{"a":"3019 Stanton St","k":"3019 STANTON","sec":"2","lot":"LT 4 BLK 24","acct":"0780240030004","m":true},"geometry":{"type":"Polygon","coordinates":[[[-95.424077,29.693034],[-95.423989,29.692737],[-95.423907,29.692765],[-95.42375,29.69282],[-95.423864,29.693091],[-95.42397,29.693061],[-95.424077,29.693034]]]}},{"type":"Feature","properties":{"a":"2811 Chiswell St","k":"2811 CHISWELL","sec":"9","lot":"LT 10 & TR 9A BLK 29","acct":"0813040000010","m":true},"geometry":{"type":"Polygon","coordinates":[[[-95.421456,29.690873],[-95.421418,29.690874],[-95.421188,29.690879],[-95.421188,29.691163],[-95.421456,29.691158],[-95.421456,29.690873]]]}},{"type":"Feature","properties":{"a":"8411 Greenbush St","k":"8411 GREENBUSH","sec":"3","lot":"LT 5 BLK 8","acct":"0780240110005","m":true},"geometry":{"type":"Polygon","coordinates":[[[-95.42314,29.690075],[-95.423412,29.69024],[-95.423545,29.690072],[-95.423268,29.689915],[-95.42314,29.690075]]]}},{"type":"Feature","properties":{"a":"3018 Stanton St","k":"3018 STANTON","sec":"2","lot":"LT 13 BLK 25","acct":"0780240040013","m":true},"geometry":{"type":"Polygon","coordinates":[[[-95.423998,29.693226],[-95.423879,29.693261],[-95.423761,29.6933],[-95.423911,29.693594],[-95.42398,29.693569],[-95.424111,29.693523],[-95.423998,29.693226]]]}},{"type":"Feature","properties":{"a":"2915 Linkwood Dr","k":"2915 LINKWOOD","sec":"7","lot":"LT 13 BLK 10","acct":"0780240370013","m":true},"geometry":{"type":"Polygon","coordinates":[[[-95.424469,29.686494],[-95.424473,29.686783],[-95.424661,29.686781],[-95.424657,29.686492],[-95.424469,29.686494]]]}},{"type":"Feature","properties":{"a":"2835 Linkwood Dr","k":"2835 LINKWOOD","sec":"10","lot":"LT 2 BLK 5","acct":"0823110000002","m":true},"geometry":{"type":"Polygon","coordinates":[[[-95.423383,29.686825],[-95.423379,29.686509],[-95.42297,29.686511],[-95.422982,29.686534],[-95.423169,29.686886],[-95.423239,29.686861],[-95.42331,29.686841],[-95.423383,29.686825]]]}},{"type":"Feature","properties":{"a":"3502 Broadmead Dr","k":"3502 BROADMEAD","sec":"BT2","lot":"LT 19 BLK 29","acct":"0772040290019","m":true},"geometry":{"type":"Polygon","coordinates":[[[-95.429541,29.690103],[-95.42953,29.689784],[-95.429325,29.689787],[-95.429336,29.690105],[-95.429421,29.690104],[-95.429541,29.690103]]]}},{"type":"Feature","properties":{"a":"8531 Hatton St","k":"8531 HATTON","sec":"6","lot":"LT 8 BLK 7","acct":"0780240300008","m":true},"geometry":{"type":"Polygon","coordinates":[[[-95.424197,29.687373],[-95.42414,29.687511],[-95.42443,29.687668],[-95.424466,29.687617],[-95.424497,29.687562],[-95.424524,29.687506],[-95.424546,29.687447],[-95.424197,29.687373]]]}},{"type":"Feature","properties":{"a":"3014 Broadmead Dr","k":"3014 BROADMEAD","sec":"6","lot":"LT 8 BLK 20","acct":"0780240340008","m":true},"geometry":{"type":"Polygon","coordinates":[[[-95.425089,29.689828],[-95.424985,29.689811],[-95.424882,29.689786],[-95.424701,29.69015],[-95.424903,29.690148],[-95.425029,29.690147],[-95.425089,29.689828]]]}},{"type":"Feature","properties":{"a":"3031 Winslow St","k":"3031 WINSLOW","sec":"1","lot":"LT 1 BLK 26","acct":"0780230260001","m":true},"geometry":{"type":"Polygon","coordinates":[[[-95.424758,29.694283],[-95.424567,29.694311],[-95.424537,29.694316],[-95.424552,29.694615],[-95.424655,29.69461],[-95.424759,29.694609],[-95.424758,29.694283]]]}},{"type":"Feature","properties":{"a":"2903 Prescott St","k":"2903 PRESCOTT","sec":"2","lot":"LT 4 BLK 31","acct":"0780240070004","m":true},"geometry":{"type":"Polygon","coordinates":[[[-95.421714,29.692371],[-95.421718,29.692653],[-95.421948,29.69265],[-95.421944,29.692369],[-95.421714,29.692371]]]}},{"type":"Feature","properties":{"a":"3403 Linkwood Dr","k":"3403 LINKWOOD","sec":"5","lot":"LT 9 BLK 11","acct":"0780240240009","m":true},"geometry":{"type":"Polygon","coordinates":[[[-95.427396,29.686448],[-95.427409,29.686745],[-95.427626,29.686741],[-95.42761,29.686439],[-95.427434,29.686447],[-95.427396,29.686448]]]}},{"type":"Feature","properties":{"a":"3007 S Braeswood Blvd","k":"3007 S BRAESWOOD","sec":"1","lot":"LT 7 BLK 28","acct":"0780230280007","m":true},"geometry":{"type":"Polygon","coordinates":[[[-95.423283,29.695665],[-95.423233,29.695656],[-95.423045,29.696096],[-95.423171,29.696141],[-95.423299,29.696182],[-95.423456,29.695735],[-95.423435,29.695726],[-95.423283,29.695665]]]}},{"type":"Feature","properties":{"a":"3415 Gannett St","k":"3415 GANNETT","sec":"5","lot":"LT 6 BLK 13","acct":"0780240260006","m":true},"geometry":{"type":"Polygon","coordinates":[[[-95.428073,29.687911],[-95.428082,29.688191],[-95.428284,29.688187],[-95.428275,29.687907],[-95.428073,29.687911]]]}},{"type":"Feature","properties":{"a":"8011 Lorrie Dr","k":"8011 LORRIE","sec":"8","lot":"LT 3 BLK 35","acct":"0803780000003","m":true},"geometry":{"type":"Polygon","coordinates":[[[-95.420203,29.694401],[-95.420209,29.694608],[-95.420565,29.694607],[-95.420562,29.694401],[-95.420203,29.694401]]]}},{"type":"Feature","properties":{"a":"2910 Ashwood St","k":"2910 ASHWOOD","sec":"2","lot":"LT 16 BLK 31","acct":"0780240070016","m":true},"geometry":{"type":"Polygon","coordinates":[[[-95.422171,29.692067],[-95.422174,29.692368],[-95.422403,29.692365],[-95.4224,29.692063],[-95.422171,29.692067]]]}},{"type":"Feature","properties":{"a":"3435 Gannett St","k":"3435 GANNETT","sec":"5","lot":"LT 1 BLK 13","acct":"0780240260001","m":true},"geometry":{"type":"Polygon","coordinates":[[[-95.429093,29.687894],[-95.429103,29.688173],[-95.429308,29.68817],[-95.429298,29.687891],[-95.429093,29.687894]]]}},{"type":"Feature","properties":{"a":"8530 Bluegate St","k":"8530 BLUEGATE","sec":"7","lot":"LT 12 BLK 7","acct":"0780240350012","m":true},"geometry":{"type":"Polygon","coordinates":[[[-95.424101,29.68695],[-95.423848,29.686955],[-95.423845,29.687186],[-95.423842,29.687226],[-95.424106,29.687222],[-95.424101,29.68695]]]}},{"type":"Feature","properties":{"a":"3028 Winslow St","k":"3028 WINSLOW","sec":"1","lot":"LT 7 BLK 27","acct":"0780230270007","m":true},"geometry":{"type":"Polygon","coordinates":[[[-95.424284,29.694816],[-95.424346,29.695116],[-95.424537,29.695113],[-95.424532,29.694781],[-95.424408,29.694795],[-95.424284,29.694816]]]}},{"type":"Feature","properties":{"a":"8119 Lorrie Dr","k":"8119 LORRIE","sec":"8","lot":"LT 9 BLK 35","acct":"0803780000009","m":true},"geometry":{"type":"Polygon","coordinates":[[[-95.420161,29.693204],[-95.420168,29.69341],[-95.420521,29.693412],[-95.420515,29.693205],[-95.420161,29.693204]]]}},{"type":"Feature","properties":{"a":"8519 Hatton St","k":"8519 HATTON","sec":"6","lot":"LT 5 BLK 7","acct":"0780240300005","m":true},"geometry":{"type":"Polygon","coordinates":[[[-95.423899,29.687821],[-95.423808,29.687937],[-95.423775,29.687978],[-95.424045,29.68814],[-95.42417,29.687983],[-95.423899,29.687821]]]}},{"type":"Feature","properties":{"a":"3514 Gannett St","k":"3514 GANNETT","sec":"BT2","lot":"LT 7 BLK 33","acct":"0772040330007","m":true},"geometry":{"type":"Polygon","coordinates":[[[-95.429911,29.688328],[-95.429917,29.68861],[-95.430123,29.688608],[-95.430118,29.688325],[-95.429911,29.688328]]]}},{"type":"Feature","properties":{"a":"8111 Lorrie Dr","k":"8111 LORRIE","sec":"8","lot":"LT 7 BLK 35","acct":"0803780000007","m":true},"geometry":{"type":"Polygon","coordinates":[[[-95.420176,29.693605],[-95.420184,29.693812],[-95.420534,29.693809],[-95.420528,29.693606],[-95.420176,29.693605]]]}},{"type":"Feature","properties":{"a":"8403 Hatton St","k":"8403 HATTON","sec":"4","lot":"LT 8 BLK 6","acct":"0780240180008","m":true},"geometry":{"type":"Polygon","coordinates":[[[-95.422199,29.689976],[-95.422188,29.689991],[-95.422095,29.690111],[-95.422069,29.690112],[-95.422305,29.690349],[-95.422318,29.690336],[-95.42233,29.690322],[-95.422474,29.690136],[-95.422199,29.689976]]]}},{"type":"Feature","properties":{"a":"8902 Bevlyn Dr","k":"8902 BEVLYN","sec":"BT2","lot":"LT 15 & TR 16A BLK 32","acct":"0772040320015","m":true},"geometry":{"type":"Polygon","coordinates":[[[-95.430475,29.687251],[-95.430481,29.687474],[-95.430887,29.687468],[-95.430883,29.687245],[-95.430475,29.687251]]]}},{"type":"Feature","properties":{"a":"3123 Broadmead Dr","k":"3123 BROADMEAD","sec":"7","lot":"LT 17 BLK 19","acct":"0780240400017","m":true},"geometry":{"type":"Polygon","coordinates":[[[-95.426854,29.689376],[-95.426854,29.689655],[-95.427127,29.689651],[-95.427124,29.689373],[-95.426854,29.689376]]]}},{"type":"Feature","properties":{"a":"3510 Norris Dr","k":"3510 NORRIS","sec":"BT2","lot":"LT 8 BLK 34","acct":"0772040340008","m":true},"geometry":{"type":"Polygon","coordinates":[[[-95.429699,29.687599],[-95.429708,29.687881],[-95.429911,29.687876],[-95.429901,29.687595],[-95.429699,29.687599]]]}},{"type":"Feature","properties":{"a":"3118 Linkwood Dr","k":"3118 LINKWOOD","sec":"7","lot":"LT 29 & TR 30A BLK 9","acct":"0780240360029","m":true},"geometry":{"type":"Polygon","coordinates":[[[-95.426846,29.687193],[-95.426843,29.686921],[-95.426599,29.686923],[-95.426604,29.687196],[-95.426826,29.687193],[-95.426846,29.687193]]]}},{"type":"Feature","properties":{"a":"3022 Prescott St","k":"3022 PRESCOTT","sec":"2","lot":"LT 14 BLK 24","acct":"0780240030014","m":true},"geometry":{"type":"Polygon","coordinates":[[[-95.424309,29.692673],[-95.42424,29.692335],[-95.424116,29.69236],[-95.423993,29.692391],[-95.424106,29.692696],[-95.424233,29.692682],[-95.424309,29.692673]]]}},{"type":"Feature","properties":{"a":"3019 Linkwood Dr","k":"3019 LINKWOOD","sec":"7","lot":"LT 8 BLK 10","acct":"0780240370008","m":true},"geometry":{"type":"Polygon","coordinates":[[[-95.425453,29.686466],[-95.425459,29.686772],[-95.425664,29.68677],[-95.425656,29.686459],[-95.425453,29.686466]]]}},{"type":"Feature","properties":{"a":"8802 Bevlyn Dr","k":"8802 BEVLYN","sec":"BT2","lot":"LT 12 BLK 32","acct":"0772040320012","m":true},"geometry":{"type":"Polygon","coordinates":[[[-95.430492,29.687875],[-95.430497,29.688076],[-95.430897,29.68807],[-95.430893,29.687869],[-95.430492,29.687875]]]}},{"type":"Feature","properties":{"a":"2830 Linkwood Dr","k":"2830 LINKWOOD","sec":"10","lot":"TR 13A BLK 3","acct":"0823100000013","m":true},"geometry":{"type":"Polygon","coordinates":[[[-95.42299,29.687179],[-95.423211,29.687383],[-95.423364,29.687227],[-95.423313,29.686985],[-95.423241,29.687014],[-95.423171,29.687049],[-95.423105,29.68709],[-95.423042,29.687137],[-95.42299,29.687179]]]}},{"type":"Feature","properties":{"a":"3118 Deal St","k":"3118 DEAL","sec":"7","lot":"LT 19 BLK 19","acct":"0780240400019","m":true},"geometry":{"type":"Polygon","coordinates":[[[-95.426633,29.689103],[-95.426633,29.689378],[-95.426854,29.689376],[-95.426854,29.689102],[-95.426633,29.689103]]]}},{"type":"Feature","properties":{"a":"3410 Gannett St","k":"3410 GANNETT","sec":"5","lot":"LT 12 BLK 14","acct":"0780240270012","m":true},"geometry":{"type":"Polygon","coordinates":[[[-95.428055,29.688356],[-95.427842,29.68836],[-95.427849,29.688636],[-95.42806,29.688633],[-95.428055,29.688356]]]}},{"type":"Feature","properties":{"a":"8527 Hatton St","k":"8527 HATTON","sec":"6","lot":"LT 7 BLK 7","acct":"0780240300007","m":true},"geometry":{"type":"Polygon","coordinates":[[[-95.42414,29.687511],[-95.424024,29.687661],[-95.424298,29.687826],[-95.424369,29.687741],[-95.424401,29.687705],[-95.42443,29.687668],[-95.42414,29.687511]]]}},{"type":"Feature","properties":{"a":"3431 Gannett St","k":"3431 GANNETT","sec":"5","lot":"LT 2 BLK 13","acct":"0780240260002","m":true},"geometry":{"type":"Polygon","coordinates":[[[-95.429093,29.687894],[-95.428991,29.687896],[-95.428889,29.687897],[-95.428897,29.688177],[-95.429103,29.688173],[-95.429093,29.687894]]]}},{"type":"Feature","properties":{"a":"8414 Hatton St","k":"8414 HATTON","sec":"4","lot":"LT 10 BLK 8","acct":"0780240200010","m":true},"geometry":{"type":"Polygon","coordinates":[[[-95.423124,29.690096],[-95.42314,29.690075],[-95.423268,29.689915],[-95.422996,29.68975],[-95.422859,29.689927],[-95.423124,29.690096]]]}},{"type":"Feature","properties":{"a":"3514 Deal St","k":"3514 DEAL","sec":"BT2","lot":"LT 7 BLK 31","acct":"0772040310007","m":true},"geometry":{"type":"Polygon","coordinates":[[[-95.429925,29.689058],[-95.429932,29.689335],[-95.43014,29.689333],[-95.430133,29.689055],[-95.429925,29.689058]]]}},{"type":"Feature","properties":{"a":"3110 Deal St","k":"3110 DEAL","sec":"7","lot":"LT 21 BLK 19","acct":"0780240400021","m":true},"geometry":{"type":"Polygon","coordinates":[[[-95.426192,29.689105],[-95.426193,29.689383],[-95.426412,29.689381],[-95.426412,29.689104],[-95.426192,29.689105]]]}},{"type":"Feature","properties":{"a":"3415 Linkwood Dr","k":"3415 LINKWOOD","sec":"5","lot":"LT 6 BLK 11","acct":"0780240240006","m":true},"geometry":{"type":"Polygon","coordinates":[[[-95.428229,29.686432],[-95.428103,29.686433],[-95.428024,29.686434],[-95.428035,29.686734],[-95.428239,29.686731],[-95.428229,29.686432]]]}},{"type":"Feature","properties":{"a":"2802 Linkwood Dr","k":"2802 LINKWOOD","sec":"10","lot":"LT 8 & TR 9A BLK 3","acct":"0823100000008","m":true},"geometry":{"type":"Polygon","coordinates":[[[-95.422269,29.688069],[-95.422549,29.688236],[-95.422706,29.688034],[-95.422427,29.687865],[-95.422269,29.688069]]]}},{"type":"Feature","properties":{"a":"3434 Norris Dr","k":"3434 NORRIS","sec":"5","lot":"LT 18 & TR 17A BLK 13","acct":"0780240260018","m":true},"geometry":{"type":"Polygon","coordinates":[[[-95.429288,29.687607],[-95.428983,29.687612],[-95.428991,29.687896],[-95.429093,29.687894],[-95.429298,29.687891],[-95.429288,29.687607]]]}},{"type":"Feature","properties":{"a":"8506 Hatton St","k":"8506 HATTON","sec":"4","lot":"LT 3 BLK 9","acct":"0780240210003","m":true},"geometry":{"type":"Polygon","coordinates":[[[-95.423815,29.688724],[-95.424087,29.688888],[-95.424216,29.688726],[-95.423943,29.688563],[-95.423815,29.688724]]]}},{"type":"Feature","properties":{"a":"7911 Greenbush St","k":"7911 GREENBUSH","sec":"1","lot":"TR 9 BLK 36","acct":"0780230360009","m":true},"geometry":{"type":"Polygon","coordinates":[[[-95.422404,29.695124],[-95.422404,29.695145],[-95.422407,29.69533],[-95.422734,29.695327],[-95.422732,29.695121],[-95.422404,29.695124]]]}},{"type":"Feature","properties":{"a":"2818 Linkwood Dr","k":"2818 LINKWOOD","sec":"10","lot":"LT 12 BLK 3","acct":"0823100000012","m":true},"geometry":{"type":"Polygon","coordinates":[[[-95.422821,29.687365],[-95.423096,29.687531],[-95.423211,29.687383],[-95.42299,29.687179],[-95.422941,29.687218],[-95.422821,29.687365]]]}},{"type":"Feature","properties":{"a":"3027 Broadmead Dr","k":"3027 BROADMEAD","sec":"6","lot":"LT 7 BLK 19","acct":"0780240330007","m":true},"geometry":{"type":"Polygon","coordinates":[[[-95.425748,29.689388],[-95.425523,29.68939],[-95.425528,29.689676],[-95.42575,29.689671],[-95.425748,29.689388]]]}},{"type":"Feature","properties":{"a":"3031 Conway St","k":"3031 CONWAY","sec":"2","lot":"LT 1 BLK 25","acct":"0780240040001","m":true},"geometry":{"type":"Polygon","coordinates":[[[-95.424747,29.693453],[-95.424524,29.693477],[-95.424489,29.693481],[-95.424517,29.693793],[-95.424633,29.693787],[-95.42475,29.693786],[-95.424747,29.693453]]]}},{"type":"Feature","properties":{"a":"8519 Bluegate St","k":"8519 BLUEGATE","sec":"10","lot":"LT 3 BLK 3","acct":"0823100000003","m":true},"geometry":{"type":"Polygon","coordinates":[[[-95.423096,29.687531],[-95.423372,29.687697],[-95.423439,29.687613],[-95.42351,29.687515],[-95.423211,29.687383],[-95.423096,29.687531]]]}},{"type":"Feature","properties":{"a":"8522 Hatton St","k":"8522 HATTON","sec":"6","lot":"LT 14 BLK 9","acct":"0780240310014","m":true},"geometry":{"type":"Polygon","coordinates":[[[-95.424319,29.688092],[-95.424588,29.688257],[-95.424713,29.688099],[-95.424444,29.687935],[-95.424319,29.688092]]]}},{"type":"Feature","properties":{"a":"3009 Broadmead Dr","k":"3009 BROADMEAD","sec":"6","lot":"LT 11 BLK 19","acct":"0780240330011","m":true},"geometry":{"type":"Polygon","coordinates":[[[-95.424834,29.689595],[-95.42498,29.68927],[-95.424837,29.689216],[-95.424775,29.689293],[-95.424616,29.689488],[-95.424686,29.689529],[-95.424759,29.689564],[-95.424834,29.689595]]]}},{"type":"Feature","properties":{"a":"2806 Linkwood Dr","k":"2806 LINKWOOD","sec":"10","lot":"TR 9 BLK 3","acct":"0823100000009","m":true},"geometry":{"type":"Polygon","coordinates":[[[-95.422427,29.687865],[-95.422706,29.688034],[-95.422831,29.687873],[-95.422552,29.687705],[-95.422427,29.687865]]]}},{"type":"Feature","properties":{"a":"2819 Linkwood Dr","k":"2819 LINKWOOD","sec":"10","lot":"LT 6 BLK 5","acct":"0823110000006","m":true},"geometry":{"type":"Polygon","coordinates":[[[-95.42217,29.687162],[-95.422584,29.687056],[-95.422564,29.687047],[-95.422545,29.687034],[-95.422529,29.687018],[-95.422516,29.687],[-95.422506,29.686979],[-95.4225,29.686958],[-95.422497,29.686935],[-95.422498,29.686913],[-95.422162,29.686819],[-95.42217,29.687162]]]}},{"type":"Feature","properties":{"a":"2902 Ashwood St","k":"2902 ASHWOOD","sec":"2","lot":"LT 14 BLK 31","acct":"0780240070014","m":true},"geometry":{"type":"Polygon","coordinates":[[[-95.421711,29.692075],[-95.421714,29.692371],[-95.421944,29.692369],[-95.421941,29.692072],[-95.421711,29.692075]]]}},{"type":"Feature","properties":{"a":"8316 Fairhope Pl","k":"8316 FAIRHOPE","sec":"3","lot":"LT 6 BLK 22","acct":"0780240140006","m":true},"geometry":{"type":"Polygon","coordinates":[[[-95.423833,29.691553],[-95.424197,29.69163],[-95.424279,29.691422],[-95.4242,29.691399],[-95.424122,29.691371],[-95.424047,29.691337],[-95.423975,29.691298],[-95.423932,29.691357],[-95.423893,29.691419],[-95.42386,29.691485],[-95.423833,29.691553]]]}},{"type":"Feature","properties":{"a":"8402 Bluegate St","k":"8402 BLUEGATE","sec":"9","lot":"LT 15 BLK 6","acct":"0813030000015","m":true},"geometry":{"type":"Polygon","coordinates":[[[-95.420939,29.68979],[-95.420885,29.689763],[-95.42083,29.689823],[-95.42078,29.689888],[-95.420736,29.689957],[-95.420697,29.69003],[-95.420665,29.690105],[-95.420893,29.690149],[-95.421091,29.690146],[-95.42109,29.689839],[-95.421038,29.689829],[-95.420987,29.689812],[-95.420939,29.68979]]]}},{"type":"Feature","properties":{"a":"3014 Tilden St","k":"3014 TILDEN","sec":"1","lot":"LT 14 BLK 28","acct":"0780230280014","m":true},"geometry":{"type":"Polygon","coordinates":[[[-95.423877,29.695904],[-95.424065,29.695918],[-95.424108,29.695603],[-95.424036,29.695591],[-95.423966,29.695573],[-95.423897,29.69555],[-95.423722,29.695842],[-95.423877,29.695904]]]}},{"type":"Feature","properties":{"a":"2806 Stanton St","k":"2806 STANTON","sec":"8","lot":"LT 9 BLK 33","acct":"0803760000009","m":true},"geometry":{"type":"Polygon","coordinates":[[[-95.421183,29.6936],[-95.420962,29.693602],[-95.420971,29.693911],[-95.420984,29.693911],[-95.421191,29.693909],[-95.421183,29.6936]]]}},{"type":"Feature","properties":{"a":"3411 Norris Dr","k":"3411 NORRIS","sec":"5","lot":"LT 7 BLK 12","acct":"0780240250007","m":true},"geometry":{"type":"Polygon","coordinates":[[[-95.427838,29.687191],[-95.427845,29.687469],[-95.42806,29.687465],[-95.42805,29.687187],[-95.427838,29.687191]]]}},{"type":"Feature","properties":{"a":"8510 Greenbush St","k":"8510 GREENBUSH","sec":"6","lot":"LT 3 BLK 19","acct":"0780240330003","m":true},"geometry":{"type":"Polygon","coordinates":[[[-95.425054,29.688946],[-95.424967,29.688898],[-95.424882,29.688846],[-95.424799,29.688791],[-95.424645,29.688982],[-95.424902,29.689135],[-95.425054,29.688946]]]}},{"type":"Feature","properties":{"a":"8411 Hatton St","k":"8411 HATTON","sec":"4","lot":"LT 6 BLK 6","acct":"0780240180006","m":true},"geometry":{"type":"Polygon","coordinates":[[[-95.422462,29.689636],[-95.42236,29.689768],[-95.422325,29.689814],[-95.422597,29.689977],[-95.422732,29.689803],[-95.422462,29.689636]]]}},{"type":"Feature","properties":{"a":"2906 Conway St","k":"2906 CONWAY","sec":"8","lot":"LT 12 & TRS 11A & 13B BLK 34","acct":"0803770000012","m":true},"geometry":{"type":"Polygon","coordinates":[[[-95.421944,29.694661],[-95.421964,29.694661],[-95.422189,29.694659],[-95.42221,29.694658],[-95.422206,29.694362],[-95.42194,29.694364],[-95.421944,29.694661]]]}},{"type":"Feature","properties":{"a":"2814 Conway St","k":"2814 CONWAY","sec":"8","lot":"LT 10 BLK 34","acct":"0803770000010","m":true},"geometry":{"type":"Polygon","coordinates":[[[-95.421756,29.694737],[-95.421755,29.694663],[-95.421751,29.694366],[-95.4215,29.694368],[-95.421504,29.694739],[-95.421756,29.694737]]]}},{"type":"Feature","properties":{"a":"3014 Linkwood Dr","k":"3014 LINKWOOD","sec":"7","lot":"LT 35 BLK 9","acct":"0780240360035","m":true},"geometry":{"type":"Polygon","coordinates":[[[-95.425242,29.686936],[-95.425245,29.687211],[-95.425416,29.687209],[-95.425464,29.687209],[-95.42546,29.686934],[-95.425242,29.686936]]]}},{"type":"Feature","properties":{"a":"8423 Greenbush St","k":"8423 GREENBUSH","sec":"3","lot":"LT 2 BLK 8","acct":"0780240110002","m":true},"geometry":{"type":"Polygon","coordinates":[[[-95.423811,29.689739],[-95.423944,29.689571],[-95.423672,29.689408],[-95.423663,29.689418],[-95.42354,29.689573],[-95.423811,29.689739]]]}},{"type":"Feature","properties":{"a":"3410 Deal St","k":"3410 DEAL","sec":"5","lot":"LT 12 BLK 15","acct":"0780240280012","m":true},"geometry":{"type":"Polygon","coordinates":[[[-95.428064,29.689084],[-95.42785,29.689087],[-95.427853,29.689361],[-95.427996,29.689359],[-95.428068,29.689358],[-95.428064,29.689084]]]}},{"type":"Feature","properties":{"a":"8531 Greenbush St","k":"8531 GREENBUSH","sec":"6","lot":"LT 10 BLK 9","acct":"0780240310010","m":true},"geometry":{"type":"Polygon","coordinates":[[[-95.424839,29.687941],[-95.425111,29.688104],[-95.425236,29.687946],[-95.424964,29.687783],[-95.424839,29.687941]]]}},{"type":"Feature","properties":{"a":"8523 Hatton St","k":"8523 HATTON","sec":"6","lot":"LT 6 BLK 7","acct":"0780240300006","m":true},"geometry":{"type":"Polygon","coordinates":[[[-95.424024,29.687661],[-95.423959,29.687743],[-95.423899,29.687821],[-95.42417,29.687983],[-95.424298,29.687826],[-95.424024,29.687661]]]}},{"type":"Feature","properties":{"a":"7906 Greenbush St","k":"7906 GREENBUSH","sec":"1","lot":"LT 9 BLK 28","acct":"0780230280009","m":true},"geometry":{"type":"Polygon","coordinates":[[[-95.422885,29.695592],[-95.423233,29.695656],[-95.423283,29.695665],[-95.423242,29.695472],[-95.423231,29.695421],[-95.422912,29.695401],[-95.422907,29.695465],[-95.422898,29.695529],[-95.422885,29.695592]]]}},{"type":"Feature","properties":{"a":"8003 Greenbush St","k":"8003 GREENBUSH","sec":"1","lot":"LT 7 BLK 36","acct":"0780230360007","m":true},"geometry":{"type":"Polygon","coordinates":[[[-95.4224,29.694745],[-95.422402,29.694937],[-95.42273,29.694935],[-95.422727,29.694742],[-95.4224,29.694745]]]}},{"type":"Feature","properties":{"a":"8427 Greenbush St","k":"8427 GREENBUSH","sec":"3","lot":"LT 1 BLK 8","acct":"0780240110001","m":true},"geometry":{"type":"Polygon","coordinates":[[[-95.423944,29.689571],[-95.424098,29.689379],[-95.423828,29.689212],[-95.423672,29.689408],[-95.423944,29.689571]]]}},{"type":"Feature","properties":{"a":"8211 Fairhope Pl","k":"8211 FAIRHOPE","sec":"2","lot":"LT 3 BLK 23","acct":"0780240020003","m":true},"geometry":{"type":"Polygon","coordinates":[[[-95.423236,29.691673],[-95.423236,29.691766],[-95.423237,29.691927],[-95.4236,29.691904],[-95.423597,29.691839],[-95.423598,29.691774],[-95.423603,29.691709],[-95.423236,29.691673]]]}},{"type":"Feature","properties":{"a":"8423 Hatton St","k":"8423 HATTON","sec":"4","lot":"LT 3 BLK 6","acct":"0780240180003","m":true},"geometry":{"type":"Polygon","coordinates":[[[-95.422843,29.689151],[-95.422735,29.689289],[-95.422708,29.689322],[-95.422977,29.689487],[-95.42311,29.689314],[-95.422843,29.689151]]]}},{"type":"Feature","properties":{"a":"8510 Bevlyn Dr","k":"8510 BEVLYN","sec":"BT2","lot":"LT 3 BLK 32","acct":"0772040320003","m":true},"geometry":{"type":"Polygon","coordinates":[[[-95.430927,29.689877],[-95.430924,29.689746],[-95.430923,29.689676],[-95.430541,29.689681],[-95.430547,29.689882],[-95.430927,29.689877]]]}},{"type":"Feature","properties":{"a":"3428 Broadmead Dr","k":"3428 BROADMEAD","sec":"5","lot":"TRS 2 & 3A BLK 16","acct":"0780240290002","m":true},"geometry":{"type":"Polygon","coordinates":[[[-95.428781,29.689795],[-95.428778,29.690109],[-95.429051,29.690106],[-95.429043,29.689791],[-95.428781,29.689795]]]}},{"type":"Feature","properties":{"a":"3023 Fairhope St","k":"3023 FAIRHOPE","sec":"3","lot":"LT 1 BLK 21","acct":"0780240130001","m":true},"geometry":{"type":"Polygon","coordinates":[[[-95.424711,29.690976],[-95.424493,29.690956],[-95.424401,29.691278],[-95.424505,29.691295],[-95.424609,29.691306],[-95.424715,29.691311],[-95.424711,29.690976]]]}},{"type":"Feature","properties":{"a":"8423 Bluegate Ct","k":"8423 BLUEGATE","sec":"9","lot":"LT 7 BLK 1","acct":"0813000000007","m":true},"geometry":{"type":"Polygon","coordinates":[[[-95.420187,29.688422],[-95.420192,29.688583],[-95.420419,29.688745],[-95.42043,29.688737],[-95.420442,29.68873],[-95.420456,29.688724],[-95.420469,29.688721],[-95.420484,29.68872],[-95.420655,29.688715],[-95.420647,29.688414],[-95.420187,29.688422]]]}},{"type":"Feature","properties":{"a":"3414 Deal St","k":"3414 DEAL","sec":"5","lot":"LT 13 BLK 15","acct":"0780240280013","m":true},"geometry":{"type":"Polygon","coordinates":[[[-95.428269,29.689081],[-95.428064,29.689084],[-95.428068,29.689358],[-95.428225,29.689356],[-95.428272,29.689355],[-95.428269,29.689081]]]}},{"type":"Feature","properties":{"a":"3010 Conway St","k":"3010 CONWAY","sec":"2","lot":"LT 11 BLK 26","acct":"0780240050011","m":true},"geometry":{"type":"Polygon","coordinates":[[[-95.423586,29.694221],[-95.423475,29.694258],[-95.423362,29.694289],[-95.423463,29.694575],[-95.423564,29.694542],[-95.423718,29.69449],[-95.423586,29.694221]]]}},{"type":"Feature","properties":{"a":"8414 Bluegate St","k":"8414 BLUEGATE","sec":"9","lot":"LT 18 BLK 6","acct":"0813030000018","m":true},"geometry":{"type":"Polygon","coordinates":[[[-95.421653,29.689833],[-95.421564,29.689836],[-95.421565,29.690128],[-95.421695,29.690124],[-95.421853,29.690119],[-95.42176,29.689817],[-95.421707,29.689828],[-95.421653,29.689833]]]}},{"type":"Feature","properties":{"a":"3507 S Braeswood Blvd","k":"3507 S BRAESWOOD","sec":"BT2","lot":"LT 12 BLK 29","acct":"0772040290012","m":false},"geometry":{"type":"Polygon","coordinates":[[[-95.429731,29.6901],[-95.429541,29.690103],[-95.429421,29.690104],[-95.429683,29.690652],[-95.429795,29.690612],[-95.429909,29.690577],[-95.429731,29.6901]]]}},{"type":"Feature","properties":{"a":"2827 Linkwood Dr","k":"2827 LINKWOOD","sec":"10","lot":"TR 4 BLK 5","acct":"0823110000004","m":true},"geometry":{"type":"Polygon","coordinates":[[[-95.42297,29.686511],[-95.422529,29.686514],[-95.422628,29.686797],[-95.422657,29.686795],[-95.422685,29.686798],[-95.422713,29.686806],[-95.422739,29.686818],[-95.422762,29.686834],[-95.422783,29.686854],[-95.422982,29.686534],[-95.42297,29.686511]]]}},{"type":"Feature","properties":{"a":"3114 Deal St","k":"3114 DEAL","sec":"7","lot":"LT 20 BLK 19","acct":"0780240400020","m":true},"geometry":{"type":"Polygon","coordinates":[[[-95.426412,29.689104],[-95.426412,29.689381],[-95.426633,29.689378],[-95.426633,29.689103],[-95.426412,29.689104]]]}},{"type":"Feature","properties":{"a":"3510 Gannett St","k":"3510 GANNETT","sec":"BT2","lot":"LT 8 BLK 33","acct":"0772040330008","m":true},"geometry":{"type":"Polygon","coordinates":[[[-95.429704,29.688332],[-95.42971,29.688613],[-95.429917,29.68861],[-95.429911,29.688328],[-95.429704,29.688332]]]}},{"type":"Feature","properties":{"a":"8418 Bluegate St","k":"8418 BLUEGATE","sec":"9","lot":"LT 19 BLK 6","acct":"0813030000019","m":true},"geometry":{"type":"Polygon","coordinates":[[[-95.422095,29.690111],[-95.422188,29.689991],[-95.421937,29.689746],[-95.421881,29.689776],[-95.421822,29.6898],[-95.42176,29.689817],[-95.421853,29.690119],[-95.421919,29.690117],[-95.422069,29.690112],[-95.422095,29.690111]]]}},{"type":"Feature","properties":{"a":"2903 Linkwood Dr","k":"2903 LINKWOOD","sec":"7","lot":"LT 16 BLK 10","acct":"0780240370016","m":true},"geometry":{"type":"Polygon","coordinates":[[[-95.42383,29.686506],[-95.42384,29.68679],[-95.424063,29.686787],[-95.42406,29.686499],[-95.42383,29.686506]]]}},{"type":"Feature","properties":{"a":"2906 Stanton St","k":"2906 STANTON","sec":"8","lot":"LT 13 BLK 33","acct":"0803760000013","m":true},"geometry":{"type":"Polygon","coordinates":[[[-95.42213,29.693592],[-95.421908,29.693594],[-95.421915,29.693904],[-95.421959,29.693904],[-95.422136,29.693903],[-95.42213,29.693592]]]}},{"type":"Feature","properties":{"a":"8541 Hatton St","k":"8541 HATTON","sec":"7","lot":"LT 10 BLK 7","acct":"0780240350010","m":true},"geometry":{"type":"Polygon","coordinates":[[[-95.424339,29.687217],[-95.424582,29.687213],[-95.424583,29.687193],[-95.424578,29.686942],[-95.424333,29.686946],[-95.424339,29.687217]]]}},{"type":"Feature","properties":{"a":"8435 Bluegate St","k":"8435 BLUEGATE","sec":"9","lot":"LT 4 BLK 4","acct":"0813020000004","m":true},"geometry":{"type":"Polygon","coordinates":[[[-95.422026,29.688883],[-95.422016,29.688896],[-95.421902,29.68904],[-95.422174,29.689206],[-95.4223,29.689049],[-95.422026,29.688883]]]}},{"type":"Feature","properties":{"a":"3414 Norris Dr","k":"3414 NORRIS","sec":"5","lot":"LT 13 & TR 14 BLK 13","acct":"0780240260013","m":true},"geometry":{"type":"Polygon","coordinates":[[[-95.428066,29.687629],[-95.428073,29.687911],[-95.428275,29.687907],[-95.428377,29.687906],[-95.428369,29.687624],[-95.428066,29.687629]]]}},{"type":"Feature","properties":{"a":"3434 Deal St","k":"3434 DEAL","sec":"5","lot":"LT 18 BLK 15","acct":"0780240280018","m":true},"geometry":{"type":"Polygon","coordinates":[[[-95.429315,29.689342],[-95.429309,29.689066],[-95.429108,29.689069],[-95.429114,29.689344],[-95.429315,29.689342]]]}},{"type":"Feature","properties":{"a":"3434 Linkwood Dr","k":"3434 LINKWOOD","sec":"5","lot":"LT 18 BLK 12","acct":"0780240250018","m":true},"geometry":{"type":"Polygon","coordinates":[[[-95.429058,29.686882],[-95.429068,29.687168],[-95.429276,29.687165],[-95.429267,29.686879],[-95.429058,29.686882]]]}},{"type":"Feature","properties":{"a":"8506 Bluegate St","k":"8506 BLUEGATE","sec":"7","lot":"LT 18 BLK 7","acct":"0780240350018","m":true},"geometry":{"type":"Polygon","coordinates":[[[-95.423533,29.68829],[-95.423263,29.688131],[-95.423125,29.688308],[-95.423395,29.688469],[-95.423518,29.688309],[-95.423533,29.68829]]]}},{"type":"Feature","properties":{"a":"3423 Broadmead Dr","k":"3423 BROADMEAD","sec":"5","lot":"TRS 4 & 5A BLK 15","acct":"0780240280004","m":true},"geometry":{"type":"Polygon","coordinates":[[[-95.428669,29.68935],[-95.428493,29.689353],[-95.42844,29.689353],[-95.428446,29.689636],[-95.428675,29.689633],[-95.428669,29.68935]]]}},{"type":"Feature","properties":{"a":"3410 Broadmead Dr","k":"3410 BROADMEAD","sec":"5","lot":"TR 7 BLK 16","acct":"0780240290007","m":true},"geometry":{"type":"Polygon","coordinates":[[[-95.42807,29.690116],[-95.428066,29.689805],[-95.427863,29.689808],[-95.427864,29.690118],[-95.428046,29.690117],[-95.42807,29.690116]]]}},{"type":"Feature","properties":{"a":"2914 Ashwood St","k":"2914 ASHWOOD","sec":"2","lot":"LT 17 BLK 31","acct":"0780240070017","m":true},"geometry":{"type":"Polygon","coordinates":[[[-95.4224,29.692063],[-95.422403,29.692365],[-95.422687,29.692361],[-95.422684,29.69206],[-95.4224,29.692063]]]}},{"type":"Feature","properties":{"a":"3026 Deal St","k":"3026 DEAL","sec":"6","lot":"LT 6 BLK 19","acct":"0780240330006","m":true},"geometry":{"type":"Polygon","coordinates":[[[-95.425748,29.689388],[-95.425746,29.689113],[-95.425665,29.689118],[-95.425584,29.689116],[-95.425504,29.689108],[-95.425428,29.689391],[-95.425523,29.68939],[-95.425748,29.689388]]]}},{"type":"Feature","properties":{"a":"3426 Gannett St","k":"3426 GANNETT","sec":"5","lot":"LT 16 BLK 14","acct":"0780240270016","m":true},"geometry":{"type":"Polygon","coordinates":[[[-95.428671,29.688347],[-95.428677,29.688625],[-95.428887,29.688623],[-95.428881,29.688344],[-95.428671,29.688347]]]}},{"type":"Feature","properties":{"a":"8107 Greenbush St","k":"8107 GREENBUSH","sec":"2","lot":"LT 2 & TRS 1A & 3A BLK 36","acct":"0780240100002","m":true},"geometry":{"type":"Polygon","coordinates":[[[-95.422703,29.69379],[-95.422393,29.693793],[-95.422393,29.693901],[-95.422393,29.693984],[-95.422705,29.693983],[-95.422703,29.69379]]]}},{"type":"Feature","properties":{"a":"8323 Lorrie Dr","k":"8323 LORRIE","sec":"9","lot":"LT 14 BLK 1","acct":"0813000000014","m":true},"geometry":{"type":"Polygon","coordinates":[[[-95.420083,29.690248],[-95.420435,29.690234],[-95.420449,29.69017],[-95.420467,29.690107],[-95.420489,29.690046],[-95.420078,29.690015],[-95.420083,29.690248]]]}},{"type":"Feature","properties":{"a":"8327 Lorrie Dr","k":"8327 LORRIE","sec":"9","lot":"LT 13 BLK 1","acct":"0813000000013","m":true},"geometry":{"type":"Polygon","coordinates":[[[-95.420077,29.689988],[-95.420078,29.690015],[-95.420489,29.690046],[-95.420514,29.689985],[-95.420542,29.689925],[-95.420573,29.689867],[-95.420072,29.689798],[-95.420077,29.689988]]]}},{"type":"Feature","properties":{"a":"3019 Conway St","k":"3019 CONWAY","sec":"2","lot":"LT 4 BLK 25","acct":"0780240040004","m":true},"geometry":{"type":"Polygon","coordinates":[[[-95.42398,29.693569],[-95.423911,29.693594],[-95.42374,29.693654],[-95.423873,29.69393],[-95.423977,29.693896],[-95.424083,29.693865],[-95.42398,29.693569]]]}},{"type":"Feature","properties":{"a":"3011 Stanton St","k":"3011 STANTON","sec":"2","lot":"LT 6 BLK 24","acct":"0780240030006","m":true},"geometry":{"type":"Polygon","coordinates":[[[-95.423506,29.692905],[-95.423465,29.69292],[-95.423283,29.692983],[-95.423427,29.693252],[-95.423535,29.693206],[-95.423645,29.693164],[-95.423506,29.692905]]]}},{"type":"Feature","properties":{"a":"3407 Norris Dr","k":"3407 NORRIS","sec":"5","lot":"LT 8 BLK 12","acct":"0780240250008","m":true},"geometry":{"type":"Polygon","coordinates":[[[-95.427632,29.687195],[-95.427634,29.687473],[-95.427845,29.687469],[-95.427838,29.687191],[-95.427632,29.687195]]]}},{"type":"Feature","properties":{"a":"8614 Bevlyn Dr","k":"8614 BEVLYN","sec":"BT2","lot":"LT 7 BLK 32","acct":"0772040320007","m":true},"geometry":{"type":"Polygon","coordinates":[[[-95.430913,29.689074],[-95.430911,29.688949],[-95.43091,29.688873],[-95.430519,29.688879],[-95.430525,29.689079],[-95.430913,29.689074]]]}},{"type":"Feature","properties":{"a":"3010 Linkwood Dr","k":"3010 LINKWOOD","sec":"7","lot":"LT 36 BLK 9","acct":"0780240360036","m":true},"geometry":{"type":"Polygon","coordinates":[[[-95.425023,29.686938],[-95.425027,29.687214],[-95.425245,29.687211],[-95.425242,29.686936],[-95.425023,29.686938]]]}},{"type":"Feature","properties":{"a":"3406 Linkwood Dr","k":"3406 LINKWOOD","sec":"5","lot":"LT 11 BLK 12","acct":"0780240250011","m":true},"geometry":{"type":"Polygon","coordinates":[[[-95.427625,29.686905],[-95.427632,29.687195],[-95.427838,29.687191],[-95.427831,29.686902],[-95.427625,29.686905]]]}},{"type":"Feature","properties":{"a":"3011 Fairhope St","k":"3011 FAIRHOPE","sec":"3","lot":"LT 4 BL 21","acct":"0780240130004","m":true},"geometry":{"type":"Polygon","coordinates":[[[-95.424107,29.690788],[-95.424092,29.690779],[-95.423914,29.690671],[-95.423704,29.690934],[-95.423899,29.691052],[-95.424107,29.690788]]]}},{"type":"Feature","properties":{"a":"8706 Bevlyn Dr","k":"8706 BEVLYN","sec":"BT2","lot":"LT 9 BLK 32","acct":"0772040320009","m":true},"geometry":{"type":"Polygon","coordinates":[[[-95.430903,29.688471],[-95.430508,29.688477],[-95.430514,29.688678],[-95.430907,29.688672],[-95.430905,29.68855],[-95.430903,29.688471]]]}},{"type":"Feature","properties":{"a":"8534 Hatton St","k":"8534 HATTON","sec":"6","lot":"LT 17 BLK 9","acct":"0780240310017","m":true},"geometry":{"type":"Polygon","coordinates":[[[-95.424748,29.687398],[-95.42473,29.68747],[-95.424706,29.68754],[-95.424677,29.687608],[-95.424964,29.687783],[-95.425098,29.687612],[-95.425145,29.687553],[-95.424748,29.687398]]]}},{"type":"Feature","properties":{"a":"8427 Hatton St","k":"8427 HATTON","sec":"4","lot":"LT 2 BLK 6","acct":"0780240180002","m":true},"geometry":{"type":"Polygon","coordinates":[[[-95.422964,29.688997],[-95.422858,29.689132],[-95.422843,29.689151],[-95.42311,29.689314],[-95.423233,29.689155],[-95.422964,29.688997]]]}},{"type":"Feature","properties":{"a":"3423 Gannett St","k":"3423 GANNETT","sec":"5","lot":"LT 4 BLK 13","acct":"0780240260004","m":true},"geometry":{"type":"Polygon","coordinates":[[[-95.428683,29.687901],[-95.428581,29.687902],[-95.428479,29.687904],[-95.428489,29.688184],[-95.428694,29.68818],[-95.428683,29.687901]]]}},{"type":"Feature","properties":{"a":"3027 Conway St","k":"3027 CONWAY","sec":"2","lot":"LT 2 BLK 25","acct":"0780240040002","m":true},"geometry":{"type":"Polygon","coordinates":[[[-95.424489,29.693481],[-95.424316,29.6935],[-95.424227,29.69351],[-95.424297,29.693819],[-95.424407,29.693803],[-95.424517,29.693793],[-95.424489,29.693481]]]}},{"type":"Feature","properties":{"a":"3011 Prescott St","k":"3011 PRESCOTT","sec":"2","lot":"LT 5 BLK 23","acct":"0780240020005","m":true},"geometry":{"type":"Polygon","coordinates":[[[-95.423636,29.692095],[-95.423237,29.692183],[-95.423238,29.692366],[-95.423298,29.692474],[-95.423726,29.692306],[-95.423691,29.692238],[-95.423661,29.692168],[-95.423636,29.692095]]]}},{"type":"Feature","properties":{"a":"2811 Stanton St","k":"2811 STANTON","sec":"8","lot":"LT 8 BLK 32","acct":"0803750000008","m":true},"geometry":{"type":"Polygon","coordinates":[[[-95.421199,29.693135],[-95.4212,29.693435],[-95.421467,29.693434],[-95.421467,29.693133],[-95.421199,29.693135]]]}},{"type":"Feature","properties":{"a":"3426 Linkwood Dr","k":"3426 LINKWOOD","sec":"5","lot":"LT 16 BLK 12","acct":"0780240250016","m":true},"geometry":{"type":"Polygon","coordinates":[[[-95.428647,29.686889],[-95.428656,29.687176],[-95.428864,29.687172],[-95.428853,29.686886],[-95.428647,29.686889]]]}},{"type":"Feature","properties":{"a":"2915 Prescott St","k":"2915 PRESCOTT","sec":"2","lot":"LT 1 BLK 31","acct":"0780240070001","m":true},"geometry":{"type":"Polygon","coordinates":[[[-95.422403,29.692365],[-95.422405,29.692645],[-95.422689,29.692642],[-95.422687,29.692361],[-95.422403,29.692365]]]}},{"type":"Feature","properties":{"a":"3011 Norris Dr","k":"3011 NORRIS","sec":"7","lot":"LT 21 BLK 9","acct":"0780240360021","m":true},"geometry":{"type":"Polygon","coordinates":[[[-95.425611,29.687207],[-95.425464,29.687209],[-95.425416,29.687209],[-95.42528,29.687383],[-95.42552,29.687675],[-95.425589,29.687634],[-95.42566,29.687599],[-95.425733,29.687568],[-95.425611,29.687207]]]}},{"type":"Feature","properties":{"a":"8402 Lorrie Dr","k":"8402 LORRIE","sec":"9","lot":"LT 8 BLK 4","acct":"0813020000008","m":true},"geometry":{"type":"Polygon","coordinates":[[[-95.421197,29.68937],[-95.420993,29.689616],[-95.421056,29.689652],[-95.421077,29.689664],[-95.4211,29.689673],[-95.421124,29.689678],[-95.421148,29.68968],[-95.421365,29.689677],[-95.421477,29.68954],[-95.421197,29.68937]]]}},{"type":"Feature","properties":{"a":"2815 Chiswell St","k":"2815 CHISWELL","sec":"9","lot":"TR 9 BLK 29","acct":"0813040000009","m":true},"geometry":{"type":"Polygon","coordinates":[[[-95.421705,29.691153],[-95.421703,29.690867],[-95.421456,29.690873],[-95.421456,29.691158],[-95.421705,29.691153]]]}},{"type":"Feature","properties":{"a":"3427 Linkwood Dr","k":"3427 LINKWOOD","sec":"5","lot":"LT 3 BLK 11","acct":"0780240240003","m":true},"geometry":{"type":"Polygon","coordinates":[[[-95.428826,29.686422],[-95.428745,29.686424],[-95.428631,29.686426],[-95.428643,29.686724],[-95.428845,29.686721],[-95.428826,29.686422]]]}},{"type":"Feature","properties":{"a":"8115 Lorrie Dr","k":"8115 LORRIE","sec":"8","lot":"LT 8 BLK 35","acct":"0803780000008","m":true},"geometry":{"type":"Polygon","coordinates":[[[-95.420168,29.69341],[-95.420176,29.693605],[-95.420528,29.693606],[-95.420521,29.693412],[-95.420168,29.69341]]]}}]}